location,region,k,error,pvalue,Rhytisma,Residual k,depth,width,CC,fines,D50,temp,cond,p,n,po4,sio4,no3,no2,nh4,no2no3,chla,omRock,imRock,omSeston,imSeston,Biden,shred,lat,long,rkm,elev,elevation,Sed1,Sed2,Sed3,Sed4,Sed5,Sed6,Sed7,Sed8,Sed9,Sed10,Sed11,Sed12,SedTot,P1,P2,P3,P4,P5,P6,P7,P8,P9,P10,P11,EvenM,DivM,SimpM,Total Invert,EPT,%EPT,SH,%SH,SumM,RichM,RichF,SimpF,ShanF,OTU.1,OTU.2,OTU.3,OTU.4,OTU.6,OTU.7,OTU.8,OTU.11,OTU.12,OTU.14,OTU.16,OTU.17,OTU.18,OTU.19,OTU.21,OTU.22,OTU.23,OTU.24,OTU.25,OTU.26,OTU.28,OTU.29,OTU.30,OTU.31,OTU.32,OTU.33,OTU.34,OTU.36,OTU.37,OTU.38,OTU.39,OTU.40,OTU.41,OTU.43,OTU.44,OTU.45,OTU.46,OTU.47,OTU.48,OTU.50,OTU.51,OTU.52,OTU.53,OTU.54,OTU.55,OTU.56,OTU.60,OTU.64,OTU.66,OTU.67,OTU.68,OTU.69,OTU.70,OTU.71,OTU.72,OTU.74,OTU.75,OTU.76,OTU.77,OTU.78,OTU.81,OTU.82,OTU.83,OTU.86,OTU.87,OTU.88,OTU.89,OTU.91,OTU.94,OTU.95,OTU.96,OTU.97,OTU.98,OTU.103,OTU.104,OTU.106,OTU.107,OTU.112,OTU.113,OTU.114,OTU.115,OTU.116,OTU.117,OTU.118,OTU.119,OTU.120,OTU.123,OTU.124,OTU.126,OTU.127,OTU.128,OTU.129,OTU.130,OTU.131,OTU.133,OTU.134,OTU.136,OTU.137,OTU.138,OTU.139,OTU.140,OTU.143,OTU.144,OTU.145,OTU.146,OTU.147,OTU.148,OTU.151,OTU.152,OTU.153,OTU.154,OTU.155,OTU.160,OTU.162,OTU.164,OTU.165,OTU.166,OTU.167,OTU.169,OTU.170,OTU.171,OTU.172,OTU.173,OTU.174,OTU.175,OTU.176,OTU.177,OTU.178,OTU.179,OTU.180,OTU.183,OTU.189,OTU.191,OTU.192,OTU.193,OTU.194,OTU.195,OTU.197,OTU.198,OTU.199,OTU.202,OTU.204,OTU.205,OTU.206,OTU.207,OTU.208,OTU.210,OTU.212,OTU.213,OTU.214,OTU.215,OTU.216,OTU.217,OTU.218,OTU.219,OTU.221,OTU.230,OTU.233,OTU.235,OTU.236,OTU.237,OTU.241,OTU.242,OTU.245,OTU.246,OTU.248,OTU.251,OTU.252,OTU.256,OTU.259,OTU.263,OTU.264,OTU.265,OTU.266,OTU.267,OTU.268,OTU.269,OTU.270,OTU.271,OTU.272,OTU.273,OTU.274,OTU.275,OTU.278,OTU.279,OTU.281,OTU.282,OTU.283,OTU.287,OTU.288,OTU.293,OTU.298,OTU.301,OTU.302,OTU.303,OTU.304,OTU.307,OTU.308,OTU.309,OTU.310,OTU.311,OTU.314,OTU.315,OTU.317,OTU.318,OTU.319,OTU.321,OTU.322,OTU.324,OTU.326,3OTU.1,3OTU.2,3OTU.3,3OTU.4,3OTU.6,3OTU.7,3OTU.8,3OTU.11,3OTU.12,3OTU.14,3OTU.16,3OTU.17,3OTU.18,3OTU.19,3OTU.21,3OTU.22,3OTU.23,3OTU.24,3OTU.25,3OTU.26,3OTU.28,3OTU.29,3OTU.30,3OTU.31,3OTU.32,3OTU.33,3OTU.34,3OTU.36,3OTU.37,3OTU.38,3OTU.39,3OTU.40,3OTU.41,3OTU.43,3OTU.44,3OTU.45,3OTU.46,3OTU.47,3OTU.48,3OTU.50,3OTU.51,3OTU.52,3OTU.53,3OTU.54,3OTU.55,3OTU.56,3OTU.60,3OTU.64,3OTU.66,3OTU.67,3OTU.68,3OTU.69,3OTU.70,3OTU.71,3OTU.72,3OTU.74,3OTU.75,3OTU.76,3OTU.77,3OTU.78,3OTU.81,3OTU.82,3OTU.83,3OTU.86,3OTU.87,3OTU.88,3OTU.89,3OTU.91,3OTU.94,3OTU.95,3OTU.96,3OTU.97,3OTU.98,3OTU.103,3OTU.104,3OTU.106,3OTU.107,3OTU.112,3OTU.113,3OTU.114,3OTU.115,3OTU.116,3OTU.117,3OTU.118,3OTU.119,3OTU.120,3OTU.123,3OTU.124,3OTU.126,3OTU.127,3OTU.128,3OTU.129,3OTU.130,3OTU.131,3OTU.133,3OTU.134,3OTU.136,3OTU.137,3OTU.138,3OTU.139,3OTU.140,3OTU.143,3OTU.144,3OTU.145,3OTU.146,3OTU.147,3OTU.148,3OTU.151,3OTU.152,3OTU.153,3OTU.154,3OTU.155,3OTU.160,3OTU.162,3OTU.164,3OTU.165,3OTU.166,3OTU.167,3OTU.169,3OTU.170,3OTU.171,3OTU.172,3OTU.173,3OTU.174,3OTU.175,3OTU.176,3OTU.177,3OTU.178,3OTU.179,3OTU.180,3OTU.183,3OTU.189,3OTU.191,3OTU.192,3OTU.193,3OTU.194,3OTU.195,3OTU.197,3OTU.198,3OTU.199,3OTU.202,3OTU.204,3OTU.205,3OTU.206,3OTU.207,3OTU.208,3OTU.210,3OTU.212,3OTU.213,3OTU.214,3OTU.215,3OTU.216,3OTU.217,3OTU.218,3OTU.219,3OTU.221,3OTU.230,3OTU.233,3OTU.235,3OTU.236,3OTU.237,3OTU.241,3OTU.242,3OTU.245,3OTU.246,3OTU.248,3OTU.251,3OTU.252,3OTU.256,3OTU.259,3OTU.263,3OTU.264,3OTU.265,3OTU.266,3OTU.267,3OTU.268,3OTU.269,3OTU.270,3OTU.271,3OTU.272,3OTU.273,3OTU.274,3OTU.275,3OTU.278,3OTU.279,3OTU.281,3OTU.282,3OTU.283,3OTU.287,3OTU.288,3OTU.293,3OTU.298,3OTU.301,3OTU.302,3OTU.303,3OTU.304,3OTU.307,3OTU.308,3OTU.309,3OTU.310,3OTU.311,3OTU.314,3OTU.315,3OTU.317,3OTU.318,3OTU.319,3OTU.321,3OTU.322,3OTU.324,3OTU.326,OLIGOCH,OSTRACO,COLEOPT,HYDRACH,CHIRONO,HYALELL,GAMMARI,SPAEROM,ANTOCHA,AMELETU,BAETIS,PERLIDAE,BOSMINA,BRACHYC,Hydropsyche,HEPTAGEN,LIMNEP,DICRANO,DRUNELL,HYDRA,MENETUS,PERLODI,Hydroptilidae,PARALEP,POLYCEN,PTERONA,RADIX/PHYSA,RHYACOP,CHLOROP,SERATEL,SIMULIU,CAPNIA,ZAPADA,site
1,Tributary,0.015385,0.001309,0.0001,0.666666667,0.000199669,32,4.6,95,9,44,13.3,145.5,24.23,124.91,5.04,4502.05,11.76,0.51,19.97,27.2,0.45,0.06,0.08,4.8,4.8,1704,0.007,48.0159,-123.5897,19.2,113,123.647,0.071446462,0.585,1.405,1.045,2.705,1.02,3.995,12.486,9.121,159.45,95.6,0,287.4834465,0.000248524,0.0020349,0.004887238,0.003634992,0.009409237,0.00354803,0.013896452,0.043432066,0.031727044,0.55464063,0.332540886,0.772,1.851,0.7863,65,41,0.630769231,2,0.030769231,65,11,118.1808419,5.760129469,10.06000983,0.361985879,1.40983974,0,0,22.30976129,0,7.677911016,0.095259442,0,0,67.76756696,0.019051888,1.009750084,3.067354029,0.019051888,0.304830214,0,0.038103777,0.076207554,0.419141544,0.038103777,0,0,0.019051888,0,0,0,0.019051888,8.801972431,0.133363219,0.019051888,0,0,0,0.038103777,0.038103777,0,0.057155665,0,0,0.095259442,0.11431133,0,0.11431133,0,0,0,0,0,0.476297209,0.019051888,0.019051888,19.43292615,0.019051888,0,16.65135044,0,0.800179312,1.371735963,0,0,0.019051888,0,0,170.0190519,0,0.190518884,0.457245321,0,0,12.68855766,0,0.038103777,0.019051888,0,0,0,0,0.209570772,12.36467556,0,0.800179312,0.057155665,0,0.019051888,0,0,0,0,0,0,0.038103777,0,0.019051888,0.304830214,0,0.038103777,0,0.247674549,0.228622661,0.495349098,0.228622661,0,0,4.515297546,0.038103777,2.190967164,0,97.16463073,0,0,0.019051888,0,0,0.400089656,0.171466995,16.61324667,3.257872913,0.133363219,0.019051888,0,0,0,0,1.257424633,0.323882102,0,0.266726437,0,0,0,0,0.019051888,0,0,0,0,0,0,0,0,0,0.019051888,0,0,0,0.038103777,0.190518884,0.076207554,0.628712316,0,0,0,0,0.019051888,0,0,0,0.019051888,0,0,0.038103777,0,0,13.85072285,0,0.076207554,0,0,0,0,0,0,0,0.019051888,0,0.781127424,0.019051888,0,0.019051888,0,0,0,0,0,0.019051888,0,0,0,0,0,0,0,0,0.019051888,0,0.057155665,0,0,0,0,0,0,0,0,0.019051888,0.038103777,0,0.057155665,16.27031268,0,0,0,0,18.10830381,0,0,0.026377719,0,0,1.516718819,0,0.039566578,0.118699734,0,0,0,0,0,0,0,0,0,0,0,0,0,0,0,0,0,0,0,0,0,0,0,0,0,0,0,0,0,0,0,0,0,0,0.065944296,0,0,0,0.026377719,0,0,0,0,8.322170214,0.013188859,0,0,0,0,0,453.9209703,0,0,0,0,0,0.18464403,0,0,0,0,0,0,0,0,1.094675321,0,0.039566578,0,0,0,0,0,0,0.013188859,0,0,0,0,0,0,0,0,0,0,0.065944296,0,0,0,0,1.85962916,0,0.013188859,0,0.026377719,0,0,0,0,0,0,0,13.71641366,1.595851974,0,0,0,0,0,0,0,0,0,0,2.664149577,0.026377719,0,0,0,0,0,0,0,0,0,0,0,0,0,0,0,0,0,0,0,0,0,0,0,0,0,0,0,0,0,0,0,0,0,0,0,0,0,0,0,0,0,0,0,0.039566578,0.026377719,0,3.073004215,0,0,0,0,0,0,0,0,0,0,0,0,0,0,0,0,0,0,0,0,0,0,0,0,0,0,0,0,0,0,0,0,3.402725698,0,0,0,0.698970004,1.322219295,0,0,0,0,0,1.322219295,0.301029996,0,0.84509804,0,0.477121255,0,0,0,0,0,0,0,0.477121255,0,0.301029996,0,0,0.477121255,0.84509804,0,0,0.301029996,EMTRGC
2,Tributary,0.01298,0.001006,0.0001,0.133333333,-0.033062033,20,3.3,89,14,42,13.7,177.6,22.68,151.22,9.64,6985.1,11.48,0.23,9.1,17.4,2.3,0.31,0.3,0.4,0.2,857.6,0.1045,48.045,-123.5905,15.1,74,78.019,0.0390218,0.01,0.025,0.045,1.465,0.94,5.65,15.783,6.631,0,0,0,30.5880218,0.001275722,0.000326925,0.000817313,0.001471164,0.047894565,0.030730984,0.184712828,0.515986294,0.216784205,0,0,0.734,1.69,0.7308,82,27,0.329268293,18,0.219512195,82,10,51.12495381,1.911833767,3.685336327,0.135694436,3.535593922,0,0.01507716,33.81053036,0,2.487731331,0.00753858,0,0,364.972802,0,5.706704902,17.3462721,0,0.037692899,0,0,0,0,0,0,0,0,0,0,0,0,0.01507716,0,0,0,0,0,0,0.467391947,0,0,0,0,0,0,0,0,0,0,0,0,0.00753858,0,32.4158931,0.36185183,0,0,0,2.201265299,0,0,0.00753858,0,0,0,0,0,1.228788506,0,4.31960622,0,2.419884113,0,0.150771596,0,0,0,0,0,0,0,0,10.7801691,0,0.791550878,1.417253001,0.00753858,1.379560102,0,0,0,0,0,0,0,0,0,0,0,0.995092532,0,0,0.037692899,0,0,0,0,1.492638799,0,0,0,0.022615739,0,0,0,0,0.00753858,1.228788506,0,11.50387276,0.776473718,0,0.030154319,0,0,0.022615739,0,0,0.022615739,0,0.678472181,1.44740732,0.045231479,0,0,0,0,0,0,0,0,0,0,0,1.176018447,0,0,0,0,0,0,0,0,0,0,0,0,0,0,0,0,0,0,0,0,0,0,0,0,0,0,0,0,0,0,0,0.01507716,1.356944362,0.01507716,1.040324011,0,0,0.72370366,0,0,0,0,0,0,0,0,0,0,0,0,0,0,0,0,0,0,0,0,0,0,0,0,0,0,0.776473718,0,0,0.557854905,0,0.086338243,0.086338243,19.85779584,102.2244794,0,17.18131031,13.1234129,0,0,4.489588624,0,0,0,0,0,0,0,0,0,0,0,0,0,0.086338243,0,0,0,0,0,0,0,0,0,0,0,0,0,0,0,0,0,0,0,0,0,0,0,0,0,0,0,0.345352971,0,0,0.086338243,0,5.871000508,4.144235653,0,0,0,0,0,15.88623667,0,0,0,0.086338243,0,1.813103098,0,0,0,0,0,0,0,0,144.0121889,0,9.238191976,0,0,0,0,0,0,0,0,0,0,0,0,0,0.518029457,0,0,0,0.431691214,0,0.086338243,0,0,0,0,0.345352971,0,1.295073641,0,0,0,0,0,0,0,62.07719655,8.461147791,0,0,0,0,0,0,0,0,0,0,0,0,0,0,0,0,0,0,0,0,0,0,0,0,0,0,0,0,0,27.19654647,0,0,0,0,0,0,0,0,0,0,0,0,0,0,0,0,0,0,0,0,0,0,0,0,0,0,0,0,0.172676486,0,0,0,0,0,0,0,0,0,0,0,0,0,0,0,0,0,0,17.87201625,0,0,0,0,0,0,0,0,0,0,0,0,0,52.92534281,0.954242509,0.301029996,0.301029996,0.84509804,1.591064607,0,0.301029996,0,0,0,0.602059991,0,0,0,0,0,0.602059991,0,0,0,0,0.903089987,0,0,0,0,0,0,0,0,0,1.176091259,0,EMTRMC
3,Tributary,0.037153,0.01013,0.0018,0.133333333,-0.008889033,33,6.1,98,10,70,14,158.6,19.72,199.2,12.73,5538.37,39.89,0.68,162.14,57.8,1.42,0.12,0.09,1.4,0.9,606.5,0,48.0634,-123.5742,12,66,77.226,0.244510546,0.095,1.465,1.295,3.5,1.555,4.68,18.713,23.96,35.511,0,0,91.01851055,0.002686383,0.001043744,0.016095627,0.014227875,0.038453716,0.017084437,0.051418112,0.205595542,0.263243156,0.390151408,0,0.783,1.629,0.7387,146,94,0.643835616,16,0.109589041,146,8,59.49985596,1.899879811,3.48178679,0.052949116,2.170913747,0,0.041182646,10.43097581,0,4.188863382,0,0,0,5.241962463,0,0.082365291,0.305928225,0,0.200029993,0,0,0.35887734,0,0,0,0,0,0,4.847785712,0.047065881,0,0.541257628,0,0,0,0,0,0,0,0,0,0,0,0.005883235,0,0,0,0,0,0,0,0,0.158847347,6.142097431,0,1.606123179,0,0,3.535824287,0,0.01176647,0.005883235,0.300044989,0,0,0,0,365.6607104,0,7.283445038,0,0,0,3.677021929,0,0,0,0,0,0,0,0.141197642,0.600089979,0,0.047065881,0,0,0.058832351,0,0,0,0,0,0,0,0,0,0,0,0,0,0,0.02353294,0.417709691,0.005883235,0,0,0.541257628,0,0.017649705,0,46.34224278,0,0,29.76916954,0,0,0.005883235,0,0.753054091,0.088248526,0,0,0,0,0,0,0,0.535374393,0,0,0,0,0,0,0,0,0,0,0,0,0,0,0,0,0,0,0,0,0,0,0,0,0,0,0,0,0,0,0,0,0,0,0,0,0,0,0,0,0,0,0,0,0,0.005883235,0,0.017649705,0.017649705,0,0.553024098,0,0,0,0,0,0,0,0,0,0,0,0,0,0,0,0,0,0,0.300044989,0,0,0,0,0,0,0,0,0,0,0,0,0,12.8607519,0.058441558,0.915584416,0,0,51.66233766,0,14.33766234,1.753246753,0,0,96.97402597,0,1.305194805,5.025974026,0,0,0,0.292207792,0.019480519,0,1.772727273,0,0,0,0,0,0.019480519,0.487012987,0.818181818,0,0.155844156,0,0.175324675,0,0.077922078,0.214285714,0,0,0,0,0.038961039,0,0,0.214285714,0,0,0,0.233766234,0,0,0,0,2.824675325,0.214285714,0,0.038961039,0,0,0.311688312,0.136363636,0,0,0,0,7.909090909,0,0.038961039,0.175324675,0,0,2.435064935,0,0,0,0,0,0,0.038961039,1.12987013,69.07792208,0,5.142857143,0.467532468,0.019480519,0.038961039,0,0,0,0,0,0,0,0.194805195,0,0,0,0.350649351,0,0.058441558,2.415584416,0.642857143,0.019480519,0,0,1.012987013,0,0.116883117,0,11.3961039,0,0,1.12987013,0.097402597,0,0,0,39.54545455,0.506493506,0,0,0,0.603896104,0,0,0,0.428571429,0,0.545454545,0.058441558,0,0,0,0,0,0.487012987,0,0,0,0,0.058441558,0,0.935064935,0.097402597,0,0,0,0.603896104,1.032467532,0,1.850649351,0,0.136363636,0,0,0.038961039,0,0.058441558,0,0.487012987,0,0,0,0,0,0,0,0.818181818,0.077922078,0,0,0,0,0.019480519,0.058441558,0,0,3.448051948,0.331168831,0,0,0,0.019480519,0,0,0,0,0,0,0,0,0,0,0,0,0,40.92857143,0.428571429,0,0,0,0,0.019480519,0,0.272727273,0,0.136363636,0,0,0.038961039,131.9415584,0,0,0,0.84509804,1.176091259,0,0,0,0,0,1.806179974,0,0,0,0,0.903089987,0,0,0,0,0,0.477121255,0,0,0,0,0,0,0,0.84509804,1.51851394,0,1.230448921,EMTRLLR
4,Tributary,0.054106,0.013789,0.0011,0.285714286,0.016880168,27,12.7,100,8,73,14.9,185.9,28.32,270.71,17.35,5686.3,110.54,0.68,162.37,131.6,0.84,0.09,0.12,4,2.6,373.6,0.0171,48.0664,-123.5846,11.2,68,70.9125,0.018274812,0.01,0.08,0.18,1.31,0.86,3.385,15.687,27.498,61.377,0,0,110.4052748,0.000165525,0.0000906,0.000724603,0.001630357,0.011865375,0.007789483,0.030659767,0.142085603,0.249064187,0.555924525,0,0.734,1.613,0.7399,137,103,0.751824818,4,0.02919708,137,9,42.89952898,3.137531329,5.071918613,0.787796872,2.264916007,0,0,11.17686812,0,1.230932612,0.541610349,0,0,259.8744931,0,4.874493145,13.24483491,0,0,0,0.049237304,0,0,0,0,0,0,0,0,0,0,0.640084958,0,0.344661131,0,0,0,0,0,0,0,0,0,0,0,0,0.344661131,0,0,0,0,0,0,0,0,9.158138637,0,0,48.99111798,0,0.049237304,0.886271481,0,0,0,0,0,4.037458969,0,0.049237304,0,0,0,0.640084958,0,0,0,0,0,0,0,0.098474609,4.283645491,0,0.344661131,0.295423827,0,0,0,0,0,0,0,0,0,0,0,0,0,0,0,0,0.196949218,0,0.098474609,0,0,0,0,0.049237304,0,110.7839351,0,0,0,0,0,0,0,2.067966789,0,0,0,0,0,0,0,0,0,0,0.098474609,0,0,0,0,0,0,0,0,0,0,0,0,0,0,0,0.147711913,0,0,0,0.049237304,0,0.098474609,0,0,0,0.098474609,0,0,0,0,0,0,0,0,0,0,0,0,0,0,0,0,0,0,0,0.049237304,0.049237304,0,0.886271481,0,0,0,0,0,0,0,0,0,0,0,0,0,0,0,0,0,0,0,0,0,0,0,0,0,0,0,0,0,0,0,0,31.11797644,0,0.606283612,0,0.028870648,16.6006227,0,1.443532409,0,0,0,216.1834135,0,3.868666855,11.60600057,0,0,0,0,0.115482593,0,0.115482593,0,0,0,0,1.73223889,0,0,0.028870648,0,1.356920464,0,0,0,0,0,0,0,0,0,0.375318426,0,0,0.202094537,0,0,0,0,0,0,0,0,1.010472686,0,0,0,0,13.3671101,0.779507501,0,0,0.95273139,0,0,212.0260402,0,0,0,0,0,0.606283612,0,0.028870648,0,0,0,0,0,0,1.328049816,0,0.057741296,0,0,0,0,0,0,0,0,0,0,0,0,0,0,0,0,0,0.288706482,0,0.086611945,0,0,0.028870648,0,8.54571186,0,5.196716671,0,0,0,0,0,0,0,3.551089725,0.115482593,0.057741296,0,0,0.115482593,0.028870648,0,0.230965185,0,0,0.981602038,0,0,0,0,0,0,0,0.086611945,0,0,0.404189074,0,0.086611945,0,0,0.057741296,0,0.375318426,0,0.173223889,0,0.866119445,0,0,0.086611945,0,0,0,0,0,0.144353241,0.057741296,0,0,0,0,0.028870648,0,0.086611945,0,0,0.288706482,0,0,0,0.028870648,0,0,0.866119445,0.028870648,0,0,0,0,0.173223889,0,0,0,0,0,0,0,0,0,0,0,0.144353241,0.173223889,0,0,0,0,0,0,0,0,0,0,0,0,0,2.194169261,0,0,0,0,1.477121255,0,0,0,0,0,1.755874856,0,0,0,0,1.462397998,0,0,0,0,0,0.77815125,0,0.301029996,0.903089987,0,0,0.477121255,0,0,0.77815125,0,0.698970004,EMTRIC1
5,Middle Elwha,0.018219,0.001311,0.0001,0.666666667,0.003033669,37,55.1,18,1,93,16.9,99.3,24.39,250.2,4.8,2283.75,2.2,0.32,4.31,3.6,0.4,0.12,0.47,0.7,0.2,744,0.019,48.0606,-123.581,13.1,64,65.148,0.503284244,0.35,0.94,0.84,3.08,1.9,6.61,21.867,33.411,76.986,317.6,0,464.0872842,0.00108446,0.000754168,0.002025481,0.001810004,0.006636683,0.004094057,0.01424301,0.047118292,0.071992923,0.165886898,0.684354023,0.53,1.219,0.6186,357,166,0.464985994,19,0.053221289,357,10,78.33264145,4.763641876,6.668546888,0,0,0.021606507,0,0.561769192,0,0.108032537,0.021606507,0,0,71.25826131,0.064819522,1.101931876,3.759532283,0,0,0.021606507,0.129639044,0,0.021606507,0,0,0,0,0,0,0,0,0.194458566,0,0,0,0,0,0,0,0,0,0,0,0.129639044,0,0,0.151245552,0,0,0,0,0,0,0.021606507,0,3.28418912,0,0,3.629893238,0,0.021606507,8.037620742,0.129639044,0.086426029,0.021606507,0,0,57.38688358,0,0.885866802,0.064819522,0,0,117.1720895,0,0,0,0,0,0,0,0.021606507,0.280884596,0,0,0,0,0,0,0,0,0,0,0,0,0.043213015,0,0.064819522,0,0,0,1.598881546,174.8182511,0,0.237671581,0,0,2.787239451,0,14.04422979,0.129639044,40.4473818,0,0,0,0,0.021606507,0,0,0.345704118,0.021606507,0,0,0.043213015,0,0,0,0,3.28418912,0,0.043213015,0,0,0,0,0,0,0,0,0,0,0.086426029,0.043213015,0,0,0,0,0,0.151245552,0,0.259278088,0,0.345704118,0,0,0.043213015,0,0.086426029,0,0,0.021606507,0,0,0,0,0,0,0,0,0.172852059,0,0,0.021606507,0,0,0.021606507,0.108032537,0,0,1.274783935,0.151245552,0,0,0,0,0,0,0,0.043213015,0,0,0.021606507,0,0,0,0,0,0,0.151245552,0,0,0,0,0,0,0,0,0,0,0,0,0,0.475343162,0,0.071388578,0,0.249860022,93.73320269,0,117.7554591,92.69806831,0,0,27.91293393,0,0.464025756,1.213605823,0,0,0,0,0,0,0,0,0,0,0,0,0,0,0,0,0,0,0,0,0,0,0,0,0,0,0,0,0,0,0,0,0,0,0,0,0,0,0.035694289,0,0,0.035694289,0,0.035694289,0.035694289,0,0,0,0,0,5.104283315,0,0.035694289,14.88451848,0,0,0.571108623,0,0,0,0,0,0,0,0,13.70660694,0,0.99944009,0.6424972,0,0,0,0,0,0,0,0,0,0,0,0,0,0,0,0.035694289,0.249860022,0,0,0,0,0,0,0.071388578,0,0.142777156,0,0,0.035694289,0,0.035694289,0,0,100.943449,9.280515118,0,0.356942889,0,0,0,0,0,0,0,0,0,0,0,0,0,0,0,0,0,0,0,0,0,0,0,0,0,0,0,3.28387458,0,0,0,0,0,0,0,0,0,0,0,0,0,0,0,0,0,0,0,0,0,0,0,0,0,0,0,0,0,0,0,0,0,0,0,0,0,0,0,0,0,0,0,0,0,0,0,0,0,0,0,0,0,0,0,0,0,1.427771557,0,0,0,23.95086786,0,0,0,1.176091259,2.227886705,0,0,0,0,0.301029996,2.152288344,0,0,0.477121255,0,0,0,0,0,0,0,0.477121255,0,0,0,0,0,0,0,0.301029996,1,0.77815125,1.176091259,EMMSTF
6,Middle Elwha,0.062376,0.012316,0.0001,0.333333333,0.02790523,56,54.5,19,4,65,16.5,90.3,12.02,148.92,3.3,2153.42,0.61,0.14,12.98,2.8,0.87,0.38,1.74,1,2.4,1902.9,0.045,48.0438,-123.5917,15.2,75,69.967,0.290545822,1.12,0.91,0.925,5.09,2.655,7.35,21.654,30.297,112.338,126.8,0,309.4295458,0.000938972,0.003619564,0.002940896,0.002989372,0.016449625,0.008580305,0.023753388,0.069980389,0.097912434,0.363048718,0.409786337,0.452,0.993,0.5593,481,246,0.511434511,12,0.024948025,481,9,32.57134556,1.054245525,1.185206268,0,0,0,0,0.16463828,0,0,0,0,0,0.214029764,0,0,0,0,0,0,0,0,0,0,0,0,0,0,0,0,0,0,0,0,0,0,0,0,0,0,0,0,0,0.049391484,0,0,0,0,0,0,0.08231914,0,0,0,0,0,0,0,0,0,2.947025212,0.230493592,0,0,0,0,0,496.6642993,0,0,0,0.049391484,0,0.181102108,0,0,0,0,0,0,0,0,0.098782968,0,0.032927656,0,0,0,0,0,0,0,0,0,0,0,0,0,0,0,0,0,0.08231914,0,0,0,0,0,0,4.19827614,0,3.86899958,0,0,0.016463828,0,0,0,0,0.32927656,0,0.016463828,0,0,0,0,0,0,0,0,0,0.032927656,0.016463828,0,0,0,0,0,0,0,0,0,0,0,0.016463828,0.016463828,0,0,0,0,0,0,0.098782968,0,0,0.032927656,0,0,0,0,0,0.032927656,0.032927656,0,0,0,0,0,0,0.049391484,0,0,0,0,0,0,0.016463828,0,0,0.362204216,0,0,0,0,0,0,0,0,0,0,0,0,0,0,0,0,0,0,0,0,0,0,0,0,0.032927656,0,0,0,0,0,0,0,0.032927656,0,0,0,0,8.087457953,0,3.25404453,0,0,0,0.313150729,0,0,0.068076245,0,0,0,0,0,0,0,0,0,0.027230498,0,0,0,0,0.013615249,0,0,0,0,0,0,0,0.054460996,0,0,0,0,0,0,0,0,0,0,0.163382989,0,0,0,0,0.013615249,0,0.054460996,0.013615249,0,18.77542848,0.217843985,0.013615249,0,0.013615249,0,0,446.5529393,0,0,0.217843985,0,0,0.272304982,0,0.054460996,0,0,0,0,0.190613487,0.44930322,19.60595867,0,1.497677399,0.068076245,0.027230498,0,0,0,0,0,0,0,0,0,0,0,0,0,0,0,0.081691494,0,0.027230498,0,0,0.040845747,0,0.58545571,0,2.396283838,0,0,0,0,0,0,0,5.568636873,0.313150729,0,0.040845747,0,0.013615249,0,0.013615249,0.163382989,0.013615249,0,0.040845747,0,0,0,0,0,0,0.013615249,0,0,0,0,0,0,0,0,0,0,0,0,0,0,0,0,0,0,0,0,0,0,0,0.040845747,0,0,0,0,0,0,0,0.013615249,0,0,0.027230498,0,0,0,0,0,0,0.108921993,0.068076245,0,0,0,0,0,0,0,0,0,0,0,0,0,0,0,0,0,0.231459234,0,0,0,0,0,0,0,0,0,0,0,0,0,0.176998238,0.84509804,0,0,0.602059991,2.342422681,0,0,0,0,0,2.367355921,0,0,0,0,0.301029996,0,0,0,0,0,0,0,0,0,0,0,0,0,0.301029996,0.903089987,0.84509804,0.84509804,EMMSMC
7,Middle Elwha,0.072687,0.014882,0.0001,0.2,0.030502055,36,40.2,47,0,83,15.6,93.5,12.86,153.23,5.09,2119.24,5.3,0.29,30.86,10.4,0.42,0.12,0.16,0.9,0.6,2184,0.1172,48.0293,-123.5916,17.4,92,90.1275,0.213683479,0.465,1.475,0.935,2.775,1.445,6.3,26.623,33.52,32.866,0,0,106.6176835,0.002004203,0.004361378,0.013834478,0.008769652,0.026027577,0.013553099,0.059089635,0.249705294,0.314394375,0.308260308,0,0.704,1.805,0.7862,476,224,0.470588235,70,0.147058824,476,13,47.11942499,2.54961941,3.509415932,0,0,0,0,0,0,2.0678216,0,0,0,6.767416144,0,0.187983782,0.375967564,0,0.187983782,0,0,0,0,0,0,0,0,0,0,0,0,0,0,0,0,0,0,0,0,0,0,0.187983782,0,0.375967564,0.375967564,0,0.187983782,0,0,0,0,0,0,0,0,0,0,0,0,0,1.315886473,1.315886473,0,0,0,0,0,260.3575378,0,0.187983782,0.751935127,0,0,2.819756727,0,0.563951345,0,0,0,0,0,0,0.187983782,0,0.187983782,0,0,0,0,0,0,0,0,0,0,0,0,0,0,0.187983782,0,0,0.751935127,0,0.751935127,0,0,2.443789163,0,181.5923332,0,34.40103207,0,0,0,0,0,0,0,7.33136749,0,0,0,0,0,0,0,0,0.375967564,0,0.187983782,0,0,0,0,0,0,0,0,0,0,0,0,0,0,0,0,0,0,0,0,0,0.939918909,0,0,0,0,0,0,0,0,0.187983782,0,0,0,0,0,0,0,0,0,0,0,0,0,0,0,0,0,1.691854036,0,0,0,0,0,0,0,0,0,0,0,0,0,0,0,0,0,0,0.187983782,0,0,0,0,0,0,0,0,0,0,0,0,0,0.563951345,0,0,0,0,92.23828125,0,9.9609375,0.3984375,0,0,64.9453125,0,0.59765625,3.1875,0,0,0,0,0,0,0,0,0,0,0,6.17578125,0,0,0,0,0,0,0,0,0,0,0,0,0,0,0.59765625,0,0,2.58984375,0,0,0,0.19921875,0,0,0.19921875,0.19921875,0,0,0,0,0,6.97265625,0.19921875,0.19921875,0,0,0,0,138.0585938,0,0.19921875,1.1953125,0,0,1.59375,0,0,0,0,0,0,0,2.19140625,98.015625,0,5.1796875,0,0,0,0,0,0,0,0,0,0,0,0,0,0,0,0,0,0.19921875,0,0,0,0,5.578125,0,15.33984375,0,4.98046875,0,0,0.19921875,0,0,0,0,28.08984375,2.98828125,0,0,0,0,0,0,0.19921875,0,0,0.796875,0.19921875,0,0,0,0,0,0,0,0,0,0,0,0,0,0,0,0.19921875,0.99609375,0.3984375,0,0,2.98828125,0,0,0,0,0,0,0,0,1.79296875,0,0,0,0,0,0,0,1.59375,0,0,0,0,0,0,0,0.19921875,0,2.98828125,0,0,0,0,0,0,0,0,0.3984375,0,0,0,0,0,0,0,0,0,3.38671875,0,0,0,0,0,0,0,0,0,0,0,0,0,1.39453125,1.079181246,0,0.301029996,1.477121255,2.181843588,0,0,0,0,0,2.136720567,0,0,0.477121255,0,0.602059991,0,0,0,0,0,1.079181246,0,0,0.301029996,0,0,0,0.301029996,0,1.785329835,1.556302501,1.556302501,EMMSCG
8,Middle Elwha,0.032707,0.003978,0.0001,0.333333333,-0.00176377,36,75.3,20,4,62,15.7,97.1,14.04,119.96,6.92,2242.97,9.09,1.64,24.91,13.4,0.73,0.14,1.66,0.9,0.2,2721.6,0.0723,48.0123,-123.5918,19.8,110,110.2575,0.125021155,0.845,0.17,0.04,0.25,0.365,2.395,20.695,60.609,147.392,18.9,0,251.7860212,0.000496537,0.003356024,0.000675176,0.000158865,0.000992907,0.001449644,0.009512045,0.082192808,0.240716302,0.585385953,0.075063738,0.622,1.294,0.6635,134,105,0.78358209,39,0.291044776,134,8,56.3865269,4.724616103,6.715489298,0,0.128366474,0,0,3.979360685,0,0.128366474,0.128366474,0,0,62.89957211,0,0.770198842,3.209161842,0,0,0,0.128366474,0,0,0,0,0,0,0,0.256732947,0,0,0.128366474,0,0,0,0,0.128366474,0,0,0,0,0,0,0.256732947,0.385099421,0,0.385099421,0,0,0,1.540397684,0,0,0,1.155298263,2.310596527,0,0,0,0,2.824062421,152.7561037,0.641832368,0,1.412031211,0,0,149.9320413,0,0.256732947,0.128366474,0,0,2.695695948,0,0,0,0,0,0,0,0.128366474,0,0,0,0,0,0,0,0,0,0,0,0,0,0,0,0,0,0,0,0,1.155298263,0,0,0,0,0.770198842,0,54.42738485,0,47.88069469,0,0,0.128366474,0,0,0,0,7.830354896,0.128366474,0,0,0,0.256732947,0,0,0,0.128366474,0,0.513465895,0,0,0,0,0,0,0,0,0,0,0,0,0,0.128366474,0,0,0,0,0,0,0,0.641832368,0,0,0.256732947,0,0,0,0,0,0.128366474,0,0,0,0,0,0,0,0.770198842,0,0,0.256732947,0,0,0,0.256732947,0,0,2.310596527,0,0,0,0,0,0,0,0,0,0,0,0,0,0,0,0,0,0,0.256732947,0,0,0,0,0,0,0,0,0,0,0,0,0,3.080795369,0.041302235,0.08260447,0,0,18.87512148,0,1.032555879,51.87560739,0,0,136.9995141,0.041302235,2.436831876,7.764820214,0,0,0,0.041302235,0,0,0,0,0,0,0.041302235,1.734693878,0,0,0,0,0,0,0,0,0,0,0,0,0,0,0.165208941,0,0,0.08260447,0,0.041302235,0,0,0,0,0.041302235,0,0.371720117,0.041302235,0.08260447,0.165208941,0,8.590864917,0.041302235,0.206511176,0,1.073858115,0,0,189.5772595,0,0.08260447,1.032555879,0,0,0.826044704,0.123906706,1.734693878,0,0,0,0,0,0,13.58843537,0,0.371720117,0.536929057,0.08260447,0,0,0,0,0,0,0,0,0,0,0,0,0,0,0,0.289115646,0.041302235,0.041302235,0,0,0.330417881,0,1.280369291,0,1.404275996,0,0,0,0,0,0,0,58.27745384,1.486880466,0,0,0,0,0.165208941,0,0.041302235,0.041302235,0,0.413022352,0,0,0.08260447,0,0,0,0.123906706,0,0,0,0,0,0,0,0,0,0,0.041302235,0,0,0.08260447,2.106413994,0,0,0,0,0,0.08260447,0,0,0.371720117,0.206511176,0,0.041302235,0,0,0,0,0.247813411,0,0,0,0.08260447,0.123906706,0,0.08260447,0.247813411,0,1.280369291,0.041302235,0,0,0,0.123906706,0,0,0,0,0,0,0,0,0,0,0,0.165208941,0,0.041302235,0,0,0,0,0.289115646,0.123906706,0,0,0,0,0.206511176,0,0,0.165208941,0.301029996,0,0,0.698970004,1.380211242,0,0,0,0,0.477121255,1.806179974,0,0,0,0,0,0,0,0,0,0,0,0,0,0,0,0,0,0,0.301029996,0.301029996,1.602059991,0,EMMSAL
9,Aldwell Reservoir,0.013816,0.001091,0.0001,0.866666667,0.010201932,33,41.8,17,15,92,13.2,87.1,14.68,191.59,4.39,2172.03,2.55,0.21,15.99,16.7,0.78,0.34,2.26,1,1.2,772.2,0.0293,48.0676,-123.5783,12.2,63,51.484,0.266083245,0.525,0.92,0.958,3.37,1.665,5.225,12.032,27.416,115.569,83.2,0,251.1460832,0.001059476,0.002090417,0.003663207,0.003814513,0.013418485,0.006629608,0.020804625,0.047908372,0.109163558,0.460166444,0.331281296,0.159,0.407,0.1457,1336,62,0.046407186,30,0.02245509,1336,13,87.56058093,5.221160116,6.864956359,0,0,0,0,2.388453678,0,0.738249319,0,0,0,0.781675749,0.043426431,0.043426431,0.043426431,0,0.217132153,0,0.086852861,0,1.129087193,0,0,0.043426431,0,0.043426431,0,0,0,0.738249319,0,0,0,0,0,0,0,0,0,0,0,0.738249319,0,0,0.130279292,0,0,0,0.043426431,0,0,0,0.086852861,26.62040191,0,0,26.05585831,0,0.173705722,0.260558583,0.086852861,0.043426431,0,0,0,62.53405995,0,0.130279292,0.260558583,0,0.086852861,102.1389646,0,0,0,0,0,0,0,0,1.129087193,0,0.260558583,0,0,0,0,0,0,0,0,0,0.043426431,0,0.043426431,0,0,0,0,0,128.2816757,0,0.477690736,0,0,0.303985014,0.043426431,0.82510218,0,132.4940395,0,0,0.043426431,0,0,0,0,0.217132153,0.043426431,0,0,0,0.086852861,0,0,0,13.50561989,0,0,0,0,0,0,0.043426431,0,0,0,0,0,0.086852861,0,0,0,0,0,0,0,0,0.043426431,0,0.043426431,0,0,0.173705722,0.130279292,0,0,0,0.043426431,0.390837875,0,0,0,0,0,0,0.173705722,0.086852861,0,0,0.260558583,0,0,0,0,0,0,1.997615804,0.130279292,0,0,0.130279292,0,0,0,0,0.043426431,0.043426431,0,0.043426431,0,0,0,0,0,0,0.173705722,0,0,0,0,0,0.347411444,0,0,0,0,0,0,0,2.127895095,0,0,0,0,0.633948264,0,0.029259151,0,0,0,1.137855859,0,0.026008134,0.065020335,0,0,0,0.003251017,0,0,0,0,0,0.003251017,0,0,0,0,0.071522368,0,0,0,0,0,0,0,0,0,0,0,0.048765251,0,0,0.058518301,0,0,0,0,0,0,0,0,3.189247421,0,0,0,0,1.76530209,0.013004067,0,0,0.032510167,0,0,469.1314686,0,0.003251017,0,0,0,0.546170812,0,0.003251017,0,0,0,0,0,0,0.234073205,0,0.006502033,0,0,0,0,0,0,0,0,0,0,0,0,0,0,0,0,0,0.097530502,0,0.048765251,0,0,0,0,0.224320155,0,22.43526652,0.068271352,0,0,0,0.006502033,0,0,4.931792394,0.370615908,0,0.022757117,0,0,0,0.133291686,0.058518301,0.276336423,0,0.091028469,0,0,0,0.065020335,0,0,0,0,0,0,0,0,0,0.035761184,0.006502033,0,0,0.165801854,0.419381159,0.00975305,0,1.033823323,0,0,0,0,0,0,0,0,0.003251017,0,0,0,0.065020335,0,0.003251017,0.094279485,0,0,0,0,0,0,0,0.006502033,0.00975305,0,0.627446231,0.156048803,0,0,0,0,0,0.097530502,0,0,0,0,0,0,0.071522368,0,0,0,0,1.03707434,0,0,0,0.003251017,0,0,0,0,0,0,0,0,0,0.321850657,1.462397998,0,0,1.06069784,3.091666958,0,0,0,0.176091259,0.602059991,1.397940009,0,0,0.176091259,0,0.176091259,0,0.301029996,0,0,0,0.653212514,0,0.176091259,0,0,0,0,0,0,0,1.40654018,0.812913357,EMMSLA1
10,Aldwell Reservoir,0.012282,0.001668,0.0001,0.9,0.010596476,41,46.6,6,4,60,13.1,67.8,12.46,136.78,9.08,2399.82,3.01,0.41,3.64,15.7,0.41,0.11,0.43,0.1,1.5,1748.6,0.0706,48.0722,-123.5762,11.3,62,53.741,0.079831774,0.255,0.905,0.91,1.925,1.29,5.22,16.722,23.007,57.796,112.5,0,220.6098318,0.000361869,0.001155887,0.004102265,0.004124929,0.008725812,0.005847428,0.023661683,0.075798979,0.10428819,0.261982884,0.509950074,0.159,0.407,0.1457,1336,62,0.046407186,30,0.02245509,1336,13,60.04149707,2.001385646,2.217208085,0,0,0,0,0.007182997,0,0.014365995,0,0,0,0.021548992,0,0,0.014365995,0,0.064646977,0,0,0,0,0,0,0,0,0.007182997,0,0,0,0,0,0.014365995,0,0,0,0,0,0,0,0,0,0.007182997,0,0,0.007182997,0,0,0,0.071829974,0,0,0,0.086195969,0.057463979,0,0,0,0,0.179574936,0.014365995,0.02873199,0.043097985,0.215489923,0,0,304.0778299,0,0.172391938,0.014365995,0,0,193.4165716,0,0,0,0,0,0,0,0.007182997,0.014365995,0,0.007182997,0.014365995,0,0,0,0,0,0.007182997,0,0,0.014365995,0,0,0,0,0,0,0,0.021548992,0.014365995,0.021548992,0,0,0.014365995,0,1.400684497,0,9.287615667,0,0,0.007182997,0,0,0,0,0.208306925,0.021548992,0,0,0,0.007182997,0,0,0,0.007182997,0.007182997,0.014365995,0,0,0,0,0,0,0,0,0,0,0.007182997,0,0,0,0,0,0.007182997,0,0,0,0,0.014365995,0,0,0,0,0,0,0,0,0,0,0,0,0,0,0,0,0.007182997,0,0.007182997,0,0,0,0,0,0,0,0.007182997,0,0,0,0,0,0,0,0,0,0,0,0,0,0,0,0.007182997,0,0,0,0,0,0,0,0,0,0,0,0,0,0,0,0,0.308868889,0,0,0,0,0.795407906,0,0.071766127,0,0,0,0.328928081,0,0.005980511,0.011961021,0,0.035883063,0,2.499853419,0,0.059805106,0,0,0.005980511,0,0,0,0,0,0.31098655,0,0,0,0,0,0,0,0,0,0,0,0.053824595,0,0,0.017941532,0,0,0,0,0,0,0.005980511,0.005980511,0.388733187,0.005980511,0,0.017941532,0.005980511,4.485382929,0.065785616,0.017941532,0.017941532,0,0,0,304.5036763,0,0.143532254,0,0,0,8.151435909,0,0,0,0.161473785,0,0,0,0,0.029902553,0,0,0,0,0,0,0,0,0,0,0,0,0,0,0,0,0,0,0.023922042,12.56505271,0,0.041863574,0,0,0.017941532,0,1.028647818,0,173.4348066,0,0,0.005980511,0,0,0,0,0.071766127,0,0,0,0,0.017941532,0,0,0,0.053824595,0,0,0,0,0,0,0.017941532,0.017941532,0,0.011961021,0,0,0.017941532,0,0,0,0,0,0,0,0,0,0,0.017941532,0,0.005980511,0.041863574,0,0,0,0,0,0.017941532,0.005980511,0,0,0,0,0,0,0,0,0,0.023922042,0,0,0,0.005980511,0.005980511,0,0.215298381,0.017941532,0,0,0,0,0,0,0,0.005980511,0,0,0.017941532,0,0,0,0,0,0,0.017941532,0,0,0,0,0,0,0,0,0,0,0,0,0,0.065785616,1.462397998,0,0,1.06069784,3.091666958,0,0,0,0.176091259,0.602059991,1.397940009,0,0,0.176091259,0,0.176091259,0,0.301029996,0,0,0,0.653212514,0,0.176091259,0,0,0,0,0,0,0,1.40654018,0.812913357,EMMSLA2
11,Aldwell Reservoir,0.021132,0.001354,0.0001,0.466666667,-0.005624594,35,72.3,19,1,78,14,95.2,16.36,131.59,3.48,2237.94,4.99,0.24,7.8,28.8,1.48,0.53,4.02,1.3,2.6,3192,0.0282,48.0859,-123.5671,9.2,62,57.34,0.125416812,0.31,0.925,0.805,2.54,1.33,5.205,13.49,16.273,33.931,0,0,74.93441681,0.001673688,0.004136951,0.012344128,0.010742727,0.033896307,0.017748854,0.069460739,0.180024087,0.21716323,0.452809289,0,0.213,0.561,0.2234,1427,75,0.052557814,53,0.037140855,1427,14,58.24993462,1.708643344,2.149750487,0.14425848,0,0,0,0.005443716,0,0,0.002721858,0.438219158,0,0.024496723,0,0,0,0,0.019053007,0,0,0,0,0,0,0,0,0,0,0,0,0,0,0.378338279,0,0,0,0,0,0,0.002721858,0,0,0,0.002721858,0,0,0,0,0,0.577033922,0,0,0,0.021774865,0.005443716,0,0,0,0,0.019053007,0.400113144,0.002721858,0.070768311,0.008165574,0,0,373.2266294,0.002721858,0.117039899,0.002721858,0,0,112.5243366,0,0,0,0,0,0,0,0,0.032662297,0.002721858,0.002721858,0,0,0,0,0,0,0,0,0,0,0,0,0,0,0,0,0.002721858,0.016331149,0,0.016331149,0,0,0,0,0.62330551,0,5.541703136,0,0,0,0,15.42749183,0,0,0.084377602,0.002721858,0,0,0,0.005443716,0,0,0,0.010887432,0,0.005443716,0,0,0,0,0,0,0.002721858,0,0,0,0,0,0,0,0,0,0,0,0,0,0,0.005443716,0,0,0,0,0,0,0.002721858,0,0,0,0,0,0,0,0,0,0.002721858,0,0.002721858,0,0,0,0,0,0,0,0.005443716,0,0,0,0,0,0,0,0,0,0,0,0,0,0,0,0,0,0,0,0,0.005443716,0,0,0,0,0.027218581,0,0,0,0,0,0,0.17419892,0,0.270501223,0.541002446,0,7.378672246,0,2.434511006,0,0,0,0.991837817,0.390723989,0,0.045083537,0,0.270501223,0,0.015027846,0,0.976809971,0,0,0.42077968,0,0,0,0,0,0.195361994,0,0,0,0,0.300556914,0.120222766,0,0.300556914,0,0,0,1.89350856,0.090167074,0,1.021893509,0,0,0,0,0,0,0,0.10519492,19.02525267,0,0,0.195361994,0,0.195361994,1.066977046,0.73636444,0,0,0,0,294.8613608,0,0,0.781447977,0,0,2.765123611,0,0,0,0,0,0.240445531,0,0.586085983,0.030055691,0,0,0,0,0,0,0,0,0,0,0,0,0,0,0,0,0,1.638035183,0.21038984,118.4795356,0,0.465863217,0,0,1.427645343,0,21.86551551,0,4.929133394,0,0,0,0.150278457,0.015027846,0,0,0.811503669,0.045083537,0,0,0,0.10519492,0,0,0,4.042490497,0,0.240445531,0.195361994,0.030055691,0,0,0,0,0,0,0,0.5259746,0.390723989,0,0,0,0,0,0,0,0.270501223,0,0,1.202227657,0,0.360668297,0,0,0,0,0,0.270501223,0.961782126,0,0.045083537,0,0,0,0,0,1.217255503,0,0,0.285529069,0,0,0.045083537,0.120222766,0.045083537,0.015027846,8.115036686,0,0,0,0,0,0.345640451,0,0,0,0,0,0.240445531,0,0,0,0,0,0,0.661225211,0,0,0,0,0,0,0,0,0,0,0,0,0,1.983675634,1.929418926,0,0,1.041392685,3.098643726,0,0,0,0,0,1.204119983,0.301029996,0,0.301029996,0.477121255,0.301029996,0,0.301029996,0,0,0,0.301029996,0,0,0.301029996,0,0,0,0,0,0.602059991,1.568201724,1.255272505,EMMSLA4
12,Aldwell Reservoir,0.095203,0.0126,0.0001,0.133333333,0.049160967,40,28.7,23,7,69,13.9,101.8,13.22,138.4,7.58,2088.13,5.46,0.41,70.79,8.4,0.23,0.06,0.2,1.1,1.3,958.2,0.0154,48.0929,-123.5631,8.3,61,60.268,0.142545917,0.12,0.57,0.62,2.155,1.15,4.18,12.23,30.026,3.887,0,0,55.08054592,0.002587954,0.002178628,0.010348481,0.011256243,0.039124521,0.020878515,0.075888863,0.222038467,0.545128947,0.07056938,0,0.523,1.204,0.57,307,92,0.299674267,18,0.058631922,307,10,88.6656194,1.52637642,2.115243621,0.012518102,0,0,0,0.050072409,0.050072409,0,0,0,0,0.075108613,0,0,0.012518102,0,0.162735328,0,0,0,0,0,0,0,0,0,0,0,0,0,0,0,0,0,0,0,0,0,0,0,0,0,0.012518102,0,0,0,0,0,0.475687882,0,0,0.250362043,2.153113571,0.050072409,0,0,0.012518102,0,1.45209985,0.062590511,0.087626715,0.413097371,0.012518102,0,0,39.56972092,0.012518102,0.375543065,0,0,0,407.5894062,0,0,0,0,0,0,0,0.012518102,0.375543065,0.062590511,0.012518102,0,0,0,0,0,0,0.012518102,0,0,0,0,0,0,0,0,0,0.012518102,0.137699124,0,0,0,0,0.075108613,0,1.865197221,0,51.93760585,0,0,0.025036204,0,0.438133576,0,0,0.212807737,0,0,0,0,0.012518102,0,0,0,0.28791635,0,0.025036204,0.012518102,0,0,0,0,0,0,0,0,0,0,0,0,0,0,0.012518102,0,0.012518102,0,0,0,0.037554306,0,0,0,0,0,0,0,0,0,0,0,0,0,0,0,0,0.012518102,0,0,0,0,0,0,0,0,0,0.062590511,0,0,0,0,0,0,0,0,0,0,0,0,0,0,0,0,0,0,0,0,0,0,0.012518102,0,0,0.025036204,0,0,0,0,0,0,1.414545544,0,0.052960601,0,0,0.571974496,0,0.603750857,0.052960601,0,0,2.838688239,0.01059212,0.063552722,0.137697564,0,0.328355729,0,18.7374608,0,0.01059212,0,0,0,0,0,0.01059212,0,0,0.169473925,0,0,0,0,0,0,0,0,0,0,0,0.296579368,0,0,0.063552722,0,0,0,0.116513323,0,0,0,0.021184241,0.985067187,0,0,2.287897983,0,11.16409479,0.084736962,0.074144842,0.36013209,0.031776361,0,0,199.8521257,0,0.805001142,0.042368481,0.084736962,0,16.68258946,0,0,0,0.01059212,0.052960601,0,0,0,0.233026646,0.063552722,0.01059212,0,0,0,0,0.021184241,0,6.418824898,0,0,0,0,0.01059212,0,0,0,0,0.116513323,26.0989844,0,0.116513323,0,0,0.074144842,0,3.643689381,0,211.4928659,0,0,0,0,0.01059212,0,0,1.631186525,0.116513323,0,0,0,0.042368481,0,0,0.095329083,0.233026646,0.01059212,0.01059212,0,0,0,0,0,0,0.01059212,0,0,0,0.031776361,0,0,0.042368481,0,0,0,0,0,0,0,0.021184241,0,0,0.074144842,0,0.031776361,0,0,0,0.222434526,0.074144842,0,0,0,0,0,0.434276932,0.074144842,0,0,0.052960601,0,0.021184241,0,0.042368481,0.021184241,0,1.143948992,0.084736962,0,0,0,0,0.01059212,0,0.031776361,0.01059212,0,0.01059212,0.042368481,0.021184241,0,0,0,0,0,0.137697564,0,0,0,0,0,0.021184241,0,0,0.01059212,0,0,0,0,0.264803007,0.698970004,0,0,1.079181246,2.274157849,0,0,0,0,0.301029996,1.857332496,0,0,0.301029996,0,0,0,0,0,0,0,0.301029996,0,0,0,0,0,0,0,0,1.146128036,0.698970004,1.176091259,EMMSLA5
13,Lower Elwha,0.043913,0.009654,0.0002,0.266666667,0.005585143,36,72.5,61,6,52,14.3,91.4,18.44,257.64,4.6,2391.5,3.23,0.14,16.85,20.7,1.16,0.55,10.28,1.2,3.8,2419.2,0.0417,48.1036,-123.552,6.5,24,17.9035,0.493574683,0.34,0.465,0.77,3.435,1.79,6.14,16.092,3.395,52.288,64.7,0,149.9085747,0.003292505,0.002268049,0.003101891,0.005136464,0.022913966,0.011940611,0.040958298,0.107345427,0.022647137,0.348799261,0.431596392,0.331,0.728,0.3367,1785,61,0.034173669,40,0.022408964,1785,9,104.9822443,8.468150225,19.93399183,1.872246696,4.49339207,0,0,14.97797357,0,0.748898678,0.374449339,0.374449339,10.85903084,4.86784141,1.872246696,0,0.374449339,0,0.374449339,0.374449339,0.374449339,0,0,0,0,0,0,0,0,0,0,0.374449339,0,0,1.123348018,0,0,41.56387665,1.497797357,5.242290749,16.10132159,1.123348018,0,2.995594714,1.497797357,0,1.872246696,0,0,0.374449339,3.370044053,0,0,0.374449339,12.35682819,1.497797357,0,0,0.374449339,0,3.370044053,0.748898678,0.374449339,0,0,0,0,153.1497797,1.872246696,0,0,0,0,48.6784141,0,0.374449339,0,0,0,0,1.497797357,0,0.748898678,1.123348018,0,0,0,0,0.748898678,0,0.374449339,0,0,0.748898678,0,0,0,0,0,0,0,13.85462555,4.86784141,0,0,1.123348018,0.374449339,2.621145374,0,2.246696035,0,4.86784141,0,0,0.374449339,0,0.374449339,0,0,4.49339207,0,0,0,0,1.123348018,0,0,0,1.497797357,4.118942731,8.237885463,0,0,1.123348018,0,0,0,0,0,0,0,2.246696035,1.497797357,0,0,0,0,0,0,0,0,0,12.73127753,0,0,0,0,2.246696035,1.497797357,0,0,0.374449339,0,0,0,0,0,0,0,0,0,0.374449339,0,0,0,0,1.123348018,0,0.374449339,20.22026432,0,0,0,0,0,0,0,0,0,0,0,0,0,4.49339207,0,0,0,0,0.374449339,0,0,0,0.748898678,0,0,0,0,0.748898678,1.872246696,0,1.123348018,0,59.16299559,0,0.009675216,0,0,0.80304295,0,0,0.532136895,0,0,0.241880407,0,0.048376081,0,0,0,0,0,0,0.009675216,0,0,0,0,0,0,0,0,0,0,0,0,0,0,0,0,0.009675216,0,0,0,0.57083776,0.212854758,0,0,0,0,0,0.019350433,0.029025649,0,0.009675216,0,8.301335559,0,0,0.009675216,0,3.386325694,4.789232053,0,0.019350433,0.019350433,0,0,332.082448,0,0.919145546,0,0,0,19.27303081,0,0,0,0,0,0,0,0,1.538359387,0,0.15480346,0,0,0,0,0,0,0,0,0,0,0,0,0,0,0,0,0.80304295,8.872173319,0,0.048376081,0,0,11.7747382,0,0.832068599,0,113.4806116,0,0,0,0,0.009675216,0,0,0.222529974,0.009675216,0,0,0,0,0,0,0,0.019350433,0,0.048376081,0,0,0,0,0,0,0,0,0,0,0,0,0,0,0,0,0,0,0,0,0,0.009675216,0,0,0,0,0,0,0.106427379,0,0.377333435,0,0,0,0,0,0,0,0,0,0,0,0,0,0,0,0,0,0.07740173,0,0,0,0,0,0,0,0,0,0,0,0,0,0,0,0,0,0,0.270906056,0,0,0,0,0,0,0,0,0,0,0,0,0,0.048376081,2.380211242,0,0,1.556302501,3.156549151,0,0,0,0,0,1.230448921,0,0,0.77815125,0,0,0,0.477121255,0,0,0,0,0,0,0,0,0,0,0,0,1.204119983,1.113943352,1.462397998,ELMSFW
14,Lower Elwha,0.024219,0.00278,0.0001,0.333333333,-0.01025177,38,48.8,25,0,81,16.8,82.3,18.39,135.7,2.9,2294.68,1.86,0.3,4.34,32.8,1.17,0.16,1.11,1.6,8.5,3084,0.0506,48.1192,-123.5541,4.6,16,19.2455,0.434556825,0.29,0.74,0.445,1.59,0.885,3.805,16.235,13.191,142.475,85.9,0,265.9905568,0.00163373,0.001090264,0.002782054,0.001672992,0.005977656,0.003327186,0.014305019,0.061036001,0.049591986,0.535639316,0.322943796,0.188,0.483,0.2049,9396,260,0.02767135,128,0.013622818,9396,13,59.2268431,4.469850211,10.44890126,0,1,0,0,18,0,3,1,0,0,4,0,0,1,0,0,0,0,1,0,0,0,0,0,0,0,0,0,0,0,0,0,0,0,9,0,0,0,3,0,2,0,0,0,0,0,2,1,0,0,0,0,4,0,0,0,0,1,6,0,0,1,0,0,217,0,0,1,0,0,118,0,0,0,0,0,0,0,0,0,1,0,0,0,0,0,0,0,0,0,0,4,0,2,0,0,0,0,0,11,0,0,0,2,2,0,5,0,4,0,0,3,0,3,0,2,7,1,0,0,0,0,0,0,0,0,4,1,0,0,0,0,0,0,0,2,0,0,4,0,0,0,0,0,2,0,0,0,0,4,0,0,0,0,3,0,0,0,0,0,0,0,0,0,0,0,1,0,0,0,0,0,0,0,0,0,20,0,0,0,0,0,0,0,0,0,0,0,0,0,4,0,1,0,0,1,0,0,0,0,0,0,0,0,0,0,0,0,0,22,0,0,0,0,2.877161056,0,0.061874431,0,0,0,2.598726115,0.061874431,0.030937216,0.030937216,0,0,0,0.123748863,0,0,0,0,0,0,0.030937216,0,0,0,0,0,0,0,0,0,0,0,0,0,0,0,0,0,0,0.185623294,0,0,0,0.49499545,0,0,0,0,2.722474977,0.030937216,0,0,0,22.27479527,14.50955414,0,0,0.092811647,0,0,138.9699727,0,0.464058235,0.154686078,0,0,23.75978162,0,0,0,0.030937216,0,0,0,0,1.268425842,0.061874431,0.092811647,0,0,0,0,0,0,0,0,0,0,0,0.030937216,0.030937216,0,0,0,1.701546861,167.8653321,0,0.402183803,0,0,0.402183803,0,15.59235669,0,105.9909008,0,0,0.030937216,0.030937216,0,0,0,1.237488626,0,0,0,0,0,0,0,0,2.041856233,0,0,0,0,0,0,0,0,0,0,0,0,0,0,0,0.030937216,0,0,0,0,0.030937216,0,0,0.030937216,0,0,0,0,0,0,0,0,0.123748863,0,0,0,0,0,0,0.030937216,0.030937216,0,0,0.030937216,0,0,0,0,0.030937216,0,0.92811647,0.030937216,0,0,0,0,0,0,0,0,0,0,0,0,0,0,0,0,0,0.092811647,0,0,0,0,0,0,0,0,0,0.092811647,0.061874431,0,0,2.165605096,2.835690571,0,0,1.838849091,3.921634461,0,0,0,0,0,2.068185862,0,0,0.698970004,0.698970004,0,0,0.698970004,0,0.698970004,0,0,0,0,0,0,0,0,0.698970004,0.698970004,1.462397998,0.698970004,2.096910013,ELMSFH
15,Lower Elwha,0.014815,0.001037,0.0001,0.5,-0.01001305,24,28.1,46,0,60,16.9,100.5,13.75,131.09,5.67,2569.91,5.17,0.19,50.98,18.5,1.91,0.19,0.79,1.2,1.1,2568,0.1121,48.1298,-123.5586,2.9,12,16.226,0.150879862,0,0,0,0.11,0.42,4.105,21.057,27.863,0,0,0,53.70587986,0.002809373,0,0,0,0.002048193,0.007820373,0.076434834,0.392079974,0.518807253,0,0,0.135,0.345,0.1444,18572,324,0.017445617,240,0.012922679,18572,13,70.32013435,1.961847588,3.197348492,11.72929496,2.243307779,0,0,0.897323112,0,0,0.064094508,0,3.397008923,0.192283524,0.576850572,0,0.064094508,0.192283524,0.064094508,0,0,0,0,0,0,0,0,0,0.064094508,0,0,0,0,0,0.769134096,0,0.128189016,2.115118763,0,0.448661556,1.858740731,0.128189016,0,0,0,0,0,0,0,0.256378032,0,0,0,0.064094508,0.128189016,0,0,0,0,0,0,0.128189016,0,0,0,0,0,11.53701144,0,0,0,0,0,14.16488626,0,0,0,0,0,0,0,0,0.128189016,0.192283524,0,0,0,0,0,0,0,0,0,0.064094508,0.256378032,0,0,0,0,0,0,0.128189016,0.192283524,0,351.3660927,0,0,0,0,0.128189016,0,0.769134096,0,0,0.064094508,0.192283524,0,0,0,0.192283524,0.064094508,0,0,0,0.064094508,0,0,0,0,1.538268192,0,0,0,0,0.064094508,0,0,0,0,0,0.064094508,0.32047254,0.064094508,0,0,0,0,0.128189016,0,0.064094508,0,0,0.256378032,0,0,0,0,0.064094508,0,0.128189016,0,0,0,0,0,0.064094508,0,0.064094508,0,0,0,0,0,0,0,0,0.064094508,0.128189016,0,3.140630891,0,0,0.128189016,0,0,0,0,0,0,0,0,0,0,2.691969335,0,0,0,0,0,0,0,0,0,0,0,0,0,0,0,0,0,0,96.01357295,0,0,0,0,1.616847826,0,0.153985507,0,0,0,2.54076087,0,0,0.076992754,0,0.153985507,0,0,0,0,0,0,0,0,0.076992754,0,0,0,0,0,0,0,0,0.076992754,0,0,0,0,0,0,0.384963768,0,0.076992754,0,0,0,0,0,0,0,0.076992754,0,8.161231884,0,0,0.076992754,0,4.080615942,0.076992754,0,0.153985507,0,0,0,310.5887681,0,0.076992754,0.076992754,0,0,1.000905797,0,0,0,0,0,0,0,0,1.077898551,0,0.153985507,0,0,0,0,0,0,0,0,0,0,0,0,0,0,0,0.076992754,0,0.153985507,0,0,0,0,0.384963768,0,4.850543478,0,23.79076087,0,0,0.076992754,0,0,0,0,0.538949275,0,0,0,0,0.461956522,0,0,0,142.6675725,0,0,0,0,0,0,0,0,0,0,0,0,0,0,0,0,0,0,0,0,0,0,0,0,0,0,0,0,0,0,0,0,1.077898551,0,0,0,0,0,0,0,0,0,0.538949275,0,0,0,0,0.076992754,0,0,3.079710145,0,0,0,0,0,0,0,0,0,0,0,0,0,0,0,0,0,0,0,0,0,0,0,0,0,0,0,0,0,0,0,0,1.462862319,3.030599722,0,0,1.397940009,4.234137489,0,0,0,0,0.954242509,1.755874856,0,0,0.698970004,0.698970004,0,0,0,0,0.698970004,0,0.954242509,0,0,0,0,0,0,0.698970004,0,0.698970004,2.004321374,2.149219113,ELMSHR
16,Lower Elwha,0.016088,0.001453,0.0001,0.466666667,-0.010668594,37,17.8,24,11,56,15.8,103.1,14.84,128.91,3.67,2604.06,2.94,0.38,13.52,14.1,0.45,0.12,0.64,1.3,3.4,961.7,0.025,48.1416,-123.5655,1.2,3,-7.7775,0.196621782,0.895,1.575,1.1,3.26,1.795,6.49,12.971,23.196,20.173,0,0,71.65162178,0.002744136,0.012490994,0.021981359,0.01535206,0.045497923,0.025051771,0.090577154,0.181028701,0.323733077,0.281542825,0,0.38,0.912,0.4884,581,39,0.067125645,35,0.060240964,581,11,66.49901102,1.173276548,1.579403199,0,0,0,0,0.679588128,0,0.308903695,0,0,0,5.374924288,0,0.308903695,0.205935796,0,0,0,0,0,0.123561478,0,0,0,0,0,0,0,0,0.123561478,0,0,0,0.02059358,0,0,0,0,0,0,0,0.226529376,0.02059358,0,0.308903695,0,0,0,0,0,0,0,0,0.082374319,0,0,0,0,0.247122956,6.054512417,0,0,0,0,0,470.7486372,0,0.288310115,0,0,0,0.329497274,0,0,0,0,0,0,0,0,0.226529376,0,0,0,0,0,0,0,0,0.02059358,0,0,0,0,0,0,0,0,0,0.247122956,0.123561478,0,0.02059358,0,0,0.144155058,0,8.958207147,0,8.587522714,0,0,0.02059358,0,0,0,0,0.782556027,0.061780739,0,0,0,0.144155058,0,0,0.494245912,1.606299213,0,0,0,0,0,0,0,0,0,0,0,0,0,0,0,0,0,0,0,0,0,0,0,0.164748637,0,0,0,0,0,0,0,0,0,0,0,0,0,0,0,0,0.123561478,0,0,0.041187159,0,0,0.02059358,0,0.02059358,0,1.359176257,0.123561478,0,0,0,0,0,0,0,0.123561478,0,0.061780739,0,0,0,0,0,0,0,0,0,0,0,0,0,0,0,0,0,0,0,0,0,1.070866142,0,0,0,0,6.209825853,0,0,0.577658219,0,0,12.49185898,0,0.288829109,0.794280051,0,0,0,0,0,0,0,0,0,0,0.072207277,0,0,0,0.144414555,0,0,0,0,0,0,0,0,0,0,0,0,0,0,0,0,0,0,0,0,0,0,0,58.56010194,0,0,0,0,34.29845675,0.216621832,0,0,0,0,0,199.3642928,0,0,0,0,0,1.299730992,0,0,0,0,0,0,0,0,35.52598046,0.072207277,3.321534759,0,0,0,0,0,0,0,0,0,0,0,0,0,0,0,0,0,0.433243664,0,0,0,0,0,0,16.53546652,0,46.86252301,0,0,0,0,0.072207277,0,0,65.63641512,7.6539714,0,0.144414555,0,0,4.043607532,0,0,8.159422342,0,0,0,0,0,0,0,0,0,0,0,0,0,0,0,0,0,0,0,0,0,0,0,0,0,0,0,0,0,0,0,0,0,0,0,0,0,0,0,0,0,0,0,0,0,0,0,0,0,0,0,0,0,0,0,0,0,0,0,0,0,0,0,0,0,0,0,0,0,0,0,0,0,0,0,0,0,0,0,2.45504743,4.693473028,0,0,0.072207277,2.181843588,0,0,0.602059991,2.587710965,0,0,0,0,0.301029996,0.301029996,0,0,0,0,0,0,0,0.301029996,0.301029996,0,0,0,0.301029996,0,0,0,0,0,0,0.301029996,1.477121255,0.84509804,ELMSNM
17,Estuary/Delta,0.009289,0.000812,0.0001,0.2,-0.032895945,42,NA,0,4,0.4,11.6,0.296,NA,NA,10.33,NA,NA,NA,122.26,39.78,0.0002,NA,NA,0.0016,0.0038,NA,NA,48.1501,-123.5592,0,0,0.61,NA,NA,NA,NA,NA,NA,NA,NA,NA,NA,NA,NA,NA,NA,NA,NA,NA,NA,NA,NA,NA,NA,NA,NA,0.47,1.083,0.5186,544,10,0.018382353,1,0.001838235,544,10,153.3333186,3.480455589,6.611876565,0.630372812,0.704200258,0,0,15.049441,0,0.99383101,0.03975324,0,0.022716137,9.711148724,0.323704957,0.176050065,0.522471159,0,0.141975859,0.153333927,1.175560109,0,0.119259721,0,0.539508262,0,0,16.04327201,0,0,0,7.502004365,0,0,0,0.119259721,0,0,0.028395172,0,0.062469378,0,0,2.981493029,0.624693778,0,1.698031268,0.738274464,0,0,0.232840408,0,0,0,0.738274464,3.606186807,0.005679034,0,0.363458198,0.022716137,0.022716137,0.028395172,0.880250323,0,0,0.011358069,0,171.8986905,0,3.628902944,0.942719701,0.278272683,0.051111309,18.7521714,0,0,0.034074206,0.159012962,0,0,0,0.051111309,0.181729099,0.539508262,0.011358069,0,0,0,0.817780945,0.022716137,0.096543584,0.073827446,0.056790343,0.022716137,0.096543584,0,0.028395172,0,0.034074206,0.005679034,0.022716137,3.339272193,211.4418066,0,0.289630751,0.079506481,0,0.465680816,0.005679034,0.227161374,0,4.151374104,0,0.363458198,0.085185515,0.079506481,0,0,0,2.112600775,0.141975859,0,0,0,0.164691996,0,0,0.034074206,0.624693778,0.034074206,0.221482339,0.107901652,0,0,0.136296824,0.056790343,0,0,0.318025923,0,0.113580687,1.1244488,0.034074206,0.045432275,0.153333927,0.028395172,0,0,0,0.397532404,0.096543584,0,0.749632533,0.017037103,0,0.295309786,0,0,0,0.034074206,0.034074206,0.505434056,0.028395172,0,0.005679034,0.079506481,0.028395172,0,0,0.380495301,0,0,0.181729099,0,0.028395172,0.090864549,0.357779164,0.124938756,0.045432275,13.5274598,0.124938756,0.13061779,0.011358069,0.062469378,0,0.068148412,0,0,0.051111309,0.096543584,0,0,0,0.090864549,0.051111309,0.141975859,0,0,0.073827446,0,0,0,0.028395172,0.028395172,0,0,0.022716137,0.017037103,0,0,0,0,2.192107256,0,0,0,0,1.264537458,0,0.010036012,0,0,0,1.665977921,0,0.050180058,0.050180058,0,0,0.005018006,0,0,0,0,0.005018006,0,0,0,0,0,0,0.020072023,0,0,0,0,0,0,0,0,0,0,0,0,0,0,0.005018006,0,0,0,0.010036012,0,0,0,0.025090029,2.122616447,0,0,0.060216069,0.005018006,0.005018006,0,0.010036012,0,0,0,0,383.2251018,0,0.998583151,0.010036012,0,0,28.56248893,0,0.125450145,0,0,0,0,0,0.015054017,0.762736879,0,0.025090029,0.010036012,0,0,0,0,0,0,0,0,0,0,0,0,0,0,0,1.234429423,13.75937186,0,0.040144046,0,0,0,0,0.030108035,0,74.51236791,0,0,0.005018006,0,0,0,0,0.933349076,0.140504162,0,0.005018006,0,0,0,0,0,0.015054017,0,0,0,0,0,0,0,0,0.005018006,0,0,0,0,0,0,0,0,0,0,0,0,0,0,0.010036012,0,0,0,0,0,0,0,0,0,0,0,0,0.005018006,0,0.005018006,0,0,0,0,0.005018006,0,0,0,0.005018006,0,0,0.055198064,0,0,0,0,0,0,0,0,0,0,0,0,0,0,0,0,0,0,0.09534211,0,0,0,0,0,0,0,0,0,0,0.030108035,0,0,0.060216069,1.851258349,0.301029996,0,0.698970004,2.561101384,0,0,1.380211242,0,0,0,0,0,0,0,0,0,0,0,0.301029996,0.903089987,0,0.477121255,0,0,0,1.86332286,0,0,0,0,0.301029996,0,EP7-092816
18,Estuary/Delta,0.00631,0.006831,0.3678,0.533333333,-0.016589507,40,NA,0,63,0.01,12.5,1.109,NA,NA,8.9,NA,NA,NA,69.49,17.02,0.001,NA,NA,0.0017,0.0017,NA,NA,48.1506,-123.5594,0,0,-22.875,NA,NA,NA,NA,NA,NA,NA,NA,NA,NA,NA,NA,NA,NA,NA,NA,NA,NA,NA,NA,NA,NA,NA,NA,0.749,1.558,0.744,50,0,0,3,0.06,50,8,73.06175374,1.298031762,1.817371288,0,0,0,0,1.434561087,0,0.460142235,0.02706719,0,0,4.709691116,0,0.081201571,0.189470332,0,0,0,0,0,0.135335952,0,0,0,0,0,0,0,0,0.02706719,0,0,0,0,0,0,0,0,0,0,0,0.243604713,0.081201571,0,0.378940664,0,0,0,0.135335952,0,0,0,0,0.108268761,0,0.108268761,0.02706719,0,0.081201571,0.162403142,0.162403142,0.02706719,0,0,0,446.283834,0,0.108268761,0.02706719,0.081201571,0,0.947351661,0.02706719,0,0,0,0,0,0.054134381,0,0.270671903,0,0,0,0,0,0,0,0,0,0,0,0,0,0.054134381,0,0,0,0,0,0.216537523,0,0,0,0,0,0,19.73198174,0,28.96189364,0,0,0,0,0,0,0,0.730814139,0.054134381,0,0.02706719,0,0,0.02706719,0,0,0.270671903,0,0.02706719,0,0,0,0,0,0,0,0.054134381,0,0,0,0,0,0.054134381,0.081201571,0,0,0,0.108268761,0.02706719,0,0.297739094,0,0.02706719,0.054134381,0,0,0,0,0,0.487209426,0,0,0.02706719,0,0,0,0.02706719,0,0,0,0.189470332,0,0,0,0.054134381,0,0,1.272157945,0.135335952,0.108268761,0,0,0,0,0,0,0,0,0,0,0,0,0.02706719,0,0,0,0.081201571,0,0,0,0,0,0,0,0,0,0,0.02706719,0.135335952,0,0.243604713,0,0,0,0,0.896166134,0,0.325878594,0,0,0,1.344249201,0,0,0.040734824,0,0.040734824,0,0,0,0,0,0,0,0,0,0,0,0,0.040734824,0,0,0,0,0,0,0,0,0,0,0,0.57028754,0.040734824,0,0.529552716,0,0,0,0,0.040734824,0,0,0,1.670127796,0.040734824,0,0.040734824,0,1.018370607,0.081469649,0,0,0,0,0,473.827476,0.325878594,0.040734824,0,0,0.773961661,0.936900958,0,0.081469649,0,0,0,0,0,0,0.28514377,0,0,0,0,0,0,0,0,0.203674121,0,0,0,0,0,0,0,0,0,0,0.366613419,0,0.203674121,0,0,0.162939297,0,0.081469649,0,4.154952077,0,0,0.162939297,0,0,0,0,15.84584665,0.692492013,0,0.081469649,0,0,0.366613419,0,0,0.040734824,0,0.407348243,0,0,0,0,0,0,0,0,0,0.040734824,0,0,0,0,0,0,0.040734824,0,0.122204473,0,0.040734824,1.099840256,0,0,0.040734824,0,0.162939297,0,0.081469649,0.162939297,0,0,0,0,0,0,0,0,0,0,0,0.081469649,0,0,0,0.040734824,0,0,1.466453674,0,0,0,0,0,0.040734824,0,0,0,0,0,0,0,0.040734824,0,0,0,0,0.773961661,0,0,0,0,0,0,0,0,0,0,0,0,0,0,1.176091259,0,0,0,1.113943352,0.477121255,0.301029996,0.301029996,0,0,0,0,1.255272505,0,0,0,0,0,0,0.301029996,0,0,0,0,0,0,0.477121255,0,0,0,0,0,0,EP3-092816
19,Estuary/Delta,0.009767,0.001149,0.0001,0.666666667,-0.005418331,45,NA,0,36,0.09,12.5,0.495,NA,NA,5.65,NA,NA,NA,19.85,8.84,0.001,NA,NA,0.0021,0.0007,NA,NA,48.1472,-123.5635,0,0,-0.854,NA,NA,NA,NA,NA,NA,NA,NA,NA,NA,NA,NA,NA,NA,NA,NA,NA,NA,NA,NA,NA,NA,NA,NA,0.465,0.645,0.3811,371,0,0,0,0,371,4,100.7237039,1.882063691,2.888093418,0.059281646,0.059281646,0,0,4.09043357,0,0.652098105,0.059281646,0,0,17.72521214,0,0.652098105,1.185632919,0,0.533534813,0,0,0,0,0,0,0,0,0.059281646,0.059281646,0,0,0.059281646,0,0,0,0,0,0,0,0,0,0,0,2.252702546,0.059281646,0,2.1934209,0,0,0,0,0,0,0.059281646,0.414971522,0.237126584,0.118563292,0,0.177844938,0,0.118563292,0.355689876,0.29640823,0,0.059281646,0,0.059281646,355.8677206,0,0.059281646,0.118563292,0.059281646,0,2.015575962,0.059281646,0,0,0,0,0.237126584,0,0,0.29640823,0,0,0,0,0,0,0,0,0.118563292,0.059281646,0,0,0,0,0,0,0,0,0,0.355689876,0,0.948506335,0,0,1.60060444,0,0.355689876,0.118563292,106.8848076,0,0.059281646,0.059281646,0,0,0,0,0.770661397,0.059281646,0,0,0,0.355689876,0,0,0,0.355689876,0,0.059281646,0,0,0,0,0,0,0,0,0,0,0.059281646,0,0,0,0,0,0,0,0,0,0,0.29640823,0,0,0.29640823,0,0.177844938,0,0,0,0.474253167,0.059281646,0,0,0,0,0,0,0.059281646,0,0,0.118563292,0.118563292,0,0.059281646,0.118563292,0.059281646,0,4.268278507,0.177844938,0,0,0.118563292,0,0,0,0,0.059281646,0,0,0,0,0,0,0,0.059281646,0,0,0,0,0,0,0,0,0,0,0,0.059281646,0,0,0,0.889224689,0,0.066594849,0,0,1.814709627,0,0.083243561,0,0,0,181.2545294,0,2.747037509,8.757222603,0,0,0,0.016648712,0,0,0,0,0,0,0,0,0,0,0,0,0,0,0,0,0,0,0,0,0,0,0.14983841,0.016648712,0,0.066594849,0,0,0,0.016648712,0,0,0,0,0.016648712,0,0,0,0,0.016648712,0.049946137,0.049946137,0,0.049946137,0,0,302.3073156,0.033297424,0,0.033297424,0,0,0.38292038,0.066594849,0,0,0,0,0,0,0,1.14876114,0.016648712,0.049946137,0,0,0,0.116540985,0.033297424,0,0.016648712,0,0,0,0,0,0,0,0,0,0,0.049946137,0,0,0,0,0.033297424,0,0.033297424,0,2.846929782,0,0,0.016648712,0,0,0,0,2.713740084,0.283028107,0.033297424,0.049946137,0,0.049946137,0,0,0.23308197,0.083243561,0,0.033297424,0,0,0,0,0,0,0.016648712,0,0,0,0,0,0,0,0,0,0,0,0.033297424,0.049946137,0,0.23308197,0,0.016648712,0.033297424,0,0,0,0,0,0.23308197,0.033297424,0,0,0.016648712,0,0.016648712,0,0.016648712,0,0,0.066594849,0,0,0.016648712,0.049946137,0.049946137,0,1.781412203,0.049946137,0.016648712,0,0,0.049946137,0,0,0.033297424,0,0,0,0,0,0,0,0,0,0.033297424,0.882381745,0,0,0,0,0,0,0,0,0,0,0.23308197,0,0,0.199784546,1.919078092,0,0,0.301029996,2.44870632,0,0,0,0,0,0,0,0,0,0,0,0,0,0,0,0,0,0,0,0,0,0.954242509,0,0,0,0,0,0,ES1-100216
20,Estuary/Delta,0.011725,0.000628,0.0001,0.4,-0.018888682,35,NA,0,14,0.24,13.5,1.388,NA,NA,12.21,NA,NA,NA,51.73,12.56,0.001,NA,NA,0.0015,0.0023,NA,NA,48.1492,-123.5651,0,0,-1.5555,NA,NA,NA,NA,NA,NA,NA,NA,NA,NA,NA,NA,NA,NA,NA,NA,NA,NA,NA,NA,NA,NA,NA,NA,0.545,0.755,0.3862,147,3,0.020408163,3,0.020408163,147,4,84.84516903,2.256627757,4.056386368,0.204367862,0,0,0.153275897,24.0132238,0,0.204367862,0,0,0,8.276898417,0.051091966,0.102183931,0.306551793,0,0.664195552,0,0,0,0,0,0,0.255459828,0,0,0.051091966,0,0,0.153275897,0.102183931,0,0,0,0,0.051091966,0,0,0,0,0.153275897,7.306151072,0,3.269885794,3.525345622,0,0,0,0.102183931,0,0,0.051091966,0,2.452414346,0.051091966,0,0.102183931,0,0.153275897,0.051091966,0.153275897,0,0,0,0.306551793,325.8645562,0.051091966,0.051091966,0,0.204367862,0,15.73632539,0,0,0,0,0,0,0,0,2.86115007,0.102183931,0.153275897,0.102183931,0,0,0,0,0,0,0,0,0,0,0.051091966,0,0,0,0,0,0.255459828,0,0,0,0,0.051091966,0,0.255459828,0,91.60789421,0,0,0.255459828,0,0,0,0,6.335403727,0.868563414,0,0,0,0,0,0,0.204367862,0,0,0.357643759,0,0,0,0,0.102183931,0,0,0,0,0,0.204367862,0.051091966,0,0.102183931,0.051091966,0.051091966,0,0.051091966,0.051091966,0.153275897,0,1.94149469,0.051091966,0.102183931,0,0,0,0,0,0.45982769,0.255459828,0,0,0,0,0,0,0.408735724,0,0,0,0,0.102183931,0,0,0.153275897,0.102183931,0,5.72230014,0.153275897,0,0,0,0,0,0,0,0,0,0,0,0,0.153275897,0,0,0,0,0.357643759,0,0.153275897,0,0,0,0,0,0,0,0,0.102183931,0,0,1.328391104,0,0,0,0,1.434251358,0,0,0,0,0,5.596877424,0,0.041214119,0.263770365,0,0,0,0,0,0,0,0,0,0,0,0,0,0,0,0,0,0,0,0,0,0,0,0,0,0,0.041214119,0,0,0,0,0,0,0,0,0,0,0,0.008242824,0,0.008242824,0,0,0.008242824,2.662432118,0,0.065942591,0,0,0,496.9516098,0,0,0,0,0,0.082428239,0,0.008242824,0,0,0,0,0,0.016485648,0.197827773,0,0.008242824,0,0,0,0,0,0,0,0,0,0,0,0,0,0,0,0,0.065942591,0,0,0,0,0,0.304984484,0.008242824,0.008242824,0,0.074185415,0,0,0,0,0,0,0,1.178723817,0.065942591,0,0,0,0,0.016485648,0.016485648,0.057699767,0,0,0,0,0,0,0,0,0.008242824,0,0,0,0,0,0,0,0,0,0,0,0.008242824,0,0.008242824,0,0.049456943,0,0,0,0,0,0,0,0,0.065942591,0.024728472,0,0,0.016485648,0,0.008242824,0,0.074185415,0,0,0,0,0,0,0,0,0,0.222556245,0,0,0,0,0.008242824,0,0,0,0,0,0,0,0,0,0,0,0,0,0.181342126,0,0,0,0,0,0,0,0,0,0,0.082428239,0,0,0.049456943,1.255272505,0,0,0,2.056904851,0,0,0,0,0,0,0,0,0,0,0,0.602059991,0,0,0,0,0,0,0,0,0,1.176091259,0,0,0,0,0,0,EP1-092816
