,sp1,sp2,sp3,sp4,sp6,sp7,sp8,sp11,sp12,sp14,sp16,sp17,sp18,sp19,sp21,sp22,sp23,sp24,sp25,sp26,sp28,sp29,sp30,sp31,sp32,sp33,sp34,sp36,sp37,sp38,sp39,sp40,sp41,sp43,sp44,sp45,sp46,sp47,sp48,sp50,sp51,sp52,sp53,sp54,sp55,sp56,sp60,sp64,sp66,sp67,sp68,sp69,sp70,sp71,sp72,sp74,sp75,sp76,sp77,sp78,sp81,sp82,sp83,sp86,sp87,sp88,sp89,sp91,sp94,sp95,sp96,sp97,sp98,sp103,sp104,sp106,sp107,sp112,sp113,sp114,sp115,sp116,sp117,sp118,sp119,sp120,sp123,sp124,sp126,sp127,sp128,sp129,sp130,sp131,sp133,sp134,sp136,sp137,sp138,sp139,sp140,sp143,sp144,sp145,sp146,sp147,sp148,sp151,sp152,sp153,sp154,sp155,sp160,sp162,sp164,sp165,sp166,sp167,sp169,sp170,sp171,sp172,sp173,sp174,sp175,sp176,sp177,sp178,sp179,sp180,sp183,sp189,sp191,sp192,sp193,sp194,sp195,sp197,sp198,sp199,sp202,sp204,sp205,sp206,sp207,sp208,sp210,sp212,sp213,sp214,sp215,sp216,sp217,sp218,sp219,sp221,sp230,sp233,sp235,sp236,sp237,sp241,sp242,sp245,sp246,sp248,sp251,sp252,sp256,sp259,sp263,sp264,sp265,sp266,sp267,sp268,sp269,sp270,sp271,sp272,sp273,sp274,sp275,sp278,sp279,sp281,sp282,sp283,sp287,sp288,sp293,sp298,sp301,sp302,sp303,sp304,sp307,sp308,sp309,sp310,sp311,sp314,sp315,sp317,sp318,sp319,sp321,sp322,sp324,sp326
sa.1,0.00469328,0.009386561,0,0,0.323836343,0.018773121,0.042239523,0,0,0,5.538070786,0.014079841,0.098558887,0.225277456,0,0.042239523,0,0,0,0,0,0,0,0,0,0,0,0,0,0,0,0,0,0,0,0,0,0,0.014079841,0.014079841,0.187731213,0.037546243,0,0.089172326,0,0,0,0.028159682,0,0,0.009386561,0.037546243,0.014079841,0.00469328,0,0.009386561,0,0.5725802,0,0.084479046,0,0.00469328,0,0,499.0787367,0,0,0,0,0,0.178344652,0,0,0,0,0,0,0,0,0.126718569,0,0.018773121,0,0,0,0,0,0,0.051626084,0,0,0,0,0,0,0,0,0,0.065705925,0.046932803,0,0.046932803,0,0,0.356689305,0.00469328,0.061012644,0,0.009386561,0,0,0,0,0,0,0,0.29098338,0.014079841,0,0,0.00469328,0.061012644,0,0,0.00469328,0.197117774,0,0,0,0,0,0,0,0,0,0,0.009386561,0,0,0,0,0,0,0,0,0.009386561,0,0,0,0.009386561,0,0.00469328,0.098558887,0.009386561,0,0,0,0,0.154878251,0.037546243,0.00469328,0,0,0,0,0,0.014079841,0,0,0.046932803,0,0,0.00469328,0.023466402,0.046932803,0,1.229639446,0.018773121,0.037546243,0,0,0,0,0,0,0.014079841,0,0,0,0.023466402,0,0,0,0,0.009386561,0.028159682,0,0,0.042239523,0,0,0,0,0,0,0.042239523,0,0,0,0.037546243
sa.2,0,0.086956522,0.130434783,0,5,0,0.695652174,0,0,0,1.173913043,0.086956522,0,0.086956522,0,0.086956522,0,0,0,0,0,0,0,0,0,0,0,0,0.391304348,0,0,0,0,0,0,0,0,0,0,0,0.956521739,0.217391304,0,1.304347826,0.260869565,0,0,0,0,0,0,0.043478261,2.086956522,0,0,0.043478261,0,0.173913043,5.217391304,0.47826087,0,0,0,0,409.6956522,0,0.043478261,0.434782609,0.086956522,0,1.086956522,0.260869565,0,0,0,0.130434783,0,0,0.043478261,0.304347826,0,0,0,0,0,0,0,0,0.043478261,0,0,0,0,0,0,0,0,0,0.130434783,0.217391304,0,0.47826087,0,0,3.217391304,0,34.91304348,0,15,0,0,0,0,0,0,0,0.52173913,0.086956522,0,0,0,0.52173913,0,0,0,8.782608696,0,0.130434783,0,0,0,0,0,0,0,0,0,0.043478261,0.086956522,0,0,0,0,0,0,0,0,0,0,0.434782609,0,0.086956522,0.130434783,0,0.130434783,0,0,0.086956522,1.347826087,0.347826087,0,0.347826087,0.043478261,0,0,0.217391304,1.043478261,0,0,0.869565217,0,0,0.130434783,0.043478261,0,0,6.130434783,0.782608696,0.434782609,0,0,0,0,0,0,0.565217391,0,0.173913043,0,0,0,0.173913043,0,0,0.173913043,0.043478261,0,0,0.130434783,0,0,0.304347826,0,0,0,0,0,0,0,1.043478261
sa.3,0,0,0,0,3.999121221,0,3.300998766,0.008618796,0,0,0.491271357,0.008618796,0,0.043093979,0,0,0,0,0,0,0,0,0,0,0,0,0,0,0,0,0,0,0,0,0,0,0,0,0,0,0,0.008618796,0,0,0,0,0,0,0,0,0,0,0.043093979,0,0,0.017237591,0,20.50411505,0.086187957,0,0.034475183,0.189613506,0,0,462.700049,0,0.008618796,0.267182668,0,0,0.12066314,0,0,0,0.008618796,0,0,0,0,0.008618796,0.008618796,0,0,0,0,0,0,0,0,0,0,0,0,0,0,0,0,0,0.008618796,0.034475183,0,0.008618796,0,0,0.344751829,0,2.818346205,0,14.42786406,0,0,0.008618796,0,0,0,0,0.155138323,0.017237591,0,0,0,0,0,0,0,0.025856387,0,0.034475183,0,0,0,0,0,0,0,0,0,0,0,0,0,0,0,0,0,0,0,0,0,0.008618796,0,0,0,0,0,0,0,0,0.017237591,0,0,0,0,0,0.008618796,0,0,0,0,0.034475183,0,0,0,0.008618796,0,0,0.129281936,0,0,0,0,0,0,0,0,0,0,0,0,0,0,0,0,0,0,0,0,0,0,0,0,0,0,0,0,0,0,0,0,0.051712774
sa.4,0,0.040738078,0,0,3.421998562,0,0.081476156,0,0,0,16.74335011,0,0.305535586,1.344356578,0,0.753654445,0,0,0,0,0,0,0,0,0.020369039,0,0,0,0,0,0,0,0,0,0,0,0,0,0,0,0.285166547,0.040738078,0,0.814761562,0,0.020369039,0,0,0,0,0,0.448118859,0.244428469,0,0,0,0,10.08267434,3.564581836,0.122214234,0,0.020369039,0,0,392.0632638,0,0,0.122214234,0,0,0.325904625,0,0,0,0,0,0,0,0,3.931224539,0,0.387011742,0,0,0,0,0,0,0,0,0,0,0,0,0,0,0,0,0.061107117,0.101845195,0,0.061107117,0,0,0.346273664,0,44.09896957,0,2.098011023,0.061107117,0,0.020369039,0,0,0,0,21.6930266,0.244428469,0,0,0,0.101845195,0,0,0,0,0,0.366642703,0.040738078,0,0,0,0,0,0,0,0,0,0,0,0,0,0.061107117,0,0,0.101845195,0,0,0,0.285166547,0,0,0.162952312,0,0,0,0,0,0.549964055,0.122214234,0,0,0,0,0,0.020369039,0.468487898,0,0,0.264797508,0,0,0.040738078,0.020369039,0.061107117,0,2.179487179,0.061107117,0.020369039,0,0,0.081476156,0,0.061107117,0.142583273,0.101845195,0,0.081476156,0.040738078,0,0,0,0,0,0,0.387011742,0,0,0,0,0,0.101845195,0,0,0,0,0,0,0,0.101845195
sa.5,0.361985879,1.40983974,0,0,22.30976129,0,7.677911016,0.095259442,0,0,67.76756696,0.019051888,1.009750084,3.067354029,0.019051888,0.304830214,0,0.038103777,0.076207554,0.419141544,0.038103777,0,0,0.019051888,0,0,0,0.019051888,8.801972431,0.133363219,0.019051888,0,0,0,0.038103777,0.038103777,0,0.057155665,0,0,0.095259442,0.11431133,0,0.11431133,0,0,0,0,0,0.476297209,0.019051888,0.019051888,19.43292615,0.019051888,0,16.65135044,0,0.800179312,1.371735963,0,0,0.019051888,0,0,170.0190519,0,0.190518884,0.457245321,0,0,12.68855766,0,0.038103777,0.019051888,0,0,0,0,0.209570772,12.36467556,0,0.800179312,0.057155665,0,0.019051888,0,0,0,0,0,0,0.038103777,0,0.019051888,0.304830214,0,0.038103777,0,0.247674549,0.228622661,0.495349098,0.228622661,0,0,4.515297546,0.038103777,2.190967164,0,97.16463073,0,0,0.019051888,0,0,0.400089656,0.171466995,16.61324667,3.257872913,0.133363219,0.019051888,0,0,0,0,1.257424633,0.323882102,0,0.266726437,0,0,0,0,0.019051888,0,0,0,0,0,0,0,0,0,0.019051888,0,0,0,0.038103777,0.190518884,0.076207554,0.628712316,0,0,0,0,0.019051888,0,0,0,0.019051888,0,0,0.038103777,0,0,13.85072285,0,0.076207554,0,0,0,0,0,0,0,0.019051888,0,0.781127424,0.019051888,0,0.019051888,0,0,0,0,0,0.019051888,0,0,0,0,0,0,0,0,0.019051888,0,0.057155665,0,0,0,0,0,0,0,0,0.019051888,0.038103777,0,0.057155665,16.27031268
sa.6,0.135694436,3.535593922,0,0.01507716,33.81053036,0,2.487731331,0.00753858,0,0,364.972802,0,5.706704902,17.3462721,0,0.037692899,0,0,0,0,0,0,0,0,0,0,0,0,0.01507716,0,0,0,0,0,0,0.467391947,0,0,0,0,0,0,0,0,0,0,0,0,0.00753858,0,32.4158931,0.36185183,0,0,0,2.201265299,0,0,0.00753858,0,0,0,0,0,1.228788506,0,4.31960622,0,2.419884113,0,0.150771596,0,0,0,0,0,0,0,0,10.7801691,0,0.791550878,1.417253001,0.00753858,1.379560102,0,0,0,0,0,0,0,0,0,0,0,0.995092532,0,0,0.037692899,0,0,0,0,1.492638799,0,0,0,0.022615739,0,0,0,0,0.00753858,1.228788506,0,11.50387276,0.776473718,0,0.030154319,0,0,0.022615739,0,0,0.022615739,0,0.678472181,1.44740732,0.045231479,0,0,0,0,0,0,0,0,0,0,0,1.176018447,0,0,0,0,0,0,0,0,0,0,0,0,0,0,0,0,0,0,0,0,0,0,0,0,0,0,0,0,0,0,0,0.01507716,1.356944362,0.01507716,1.040324011,0,0,0.72370366,0,0,0,0,0,0,0,0,0,0,0,0,0,0,0,0,0,0,0,0,0,0,0,0,0,0,0.776473718,0,0,0.557854905
sa.7,0.052949116,2.170913747,0,0.041182646,10.43097581,0,4.188863382,0,0,0,5.241962463,0,0.082365291,0.305928225,0,0.200029993,0,0,0.35887734,0,0,0,0,0,0,4.847785712,0.047065881,0,0.541257628,0,0,0,0,0,0,0,0,0,0,0,0.005883235,0,0,0,0,0,0,0,0,0.158847347,6.142097431,0,1.606123179,0,0,3.535824287,0,0.01176647,0.005883235,0.300044989,0,0,0,0,365.6607104,0,7.283445038,0,0,0,3.677021929,0,0,0,0,0,0,0,0.141197642,0.600089979,0,0.047065881,0,0,0.058832351,0,0,0,0,0,0,0,0,0,0,0,0,0,0,0.02353294,0.417709691,0.005883235,0,0,0.541257628,0,0.017649705,0,46.34224278,0,0,29.76916954,0,0,0.005883235,0,0.753054091,0.088248526,0,0,0,0,0,0,0,0.535374393,0,0,0,0,0,0,0,0,0,0,0,0,0,0,0,0,0,0,0,0,0,0,0,0,0,0,0,0,0,0,0,0,0,0,0,0,0,0,0,0,0,0,0,0,0,0.005883235,0,0.017649705,0.017649705,0,0.553024098,0,0,0,0,0,0,0,0,0,0,0,0,0,0,0,0,0,0,0.300044989,0,0,0,0,0,0,0,0,0,0,0,0,0,12.8607519
sa.8,0.787796872,2.264916007,0,0,11.17686812,0,1.230932612,0.541610349,0,0,259.8744931,0,4.874493145,13.24483491,0,0,0,0.049237304,0,0,0,0,0,0,0,0,0,0,0.640084958,0,0.344661131,0,0,0,0,0,0,0,0,0,0,0,0,0.344661131,0,0,0,0,0,0,0,0,9.158138637,0,0,48.99111798,0,0.049237304,0.886271481,0,0,0,0,0,4.037458969,0,0.049237304,0,0,0,0.640084958,0,0,0,0,0,0,0,0.098474609,4.283645491,0,0.344661131,0.295423827,0,0,0,0,0,0,0,0,0,0,0,0,0,0,0,0,0.196949218,0,0.098474609,0,0,0,0,0.049237304,0,110.7839351,0,0,0,0,0,0,0,2.067966789,0,0,0,0,0,0,0,0,0,0,0.098474609,0,0,0,0,0,0,0,0,0,0,0,0,0,0,0,0.147711913,0,0,0,0.049237304,0,0.098474609,0,0,0,0.098474609,0,0,0,0,0,0,0,0,0,0,0,0,0,0,0,0,0,0,0,0.049237304,0.049237304,0,0.886271481,0,0,0,0,0,0,0,0,0,0,0,0,0,0,0,0,0,0,0,0,0,0,0,0,0,0,0,0,0,0,0,0,31.11797644
sa.9,0,0,0.021606507,0,0.561769192,0,0.108032537,0.021606507,0,0,71.25826131,0.064819522,1.101931876,3.759532283,0,0,0.021606507,0.129639044,0,0.021606507,0,0,0,0,0,0,0,0,0.194458566,0,0,0,0,0,0,0,0,0,0,0,0.129639044,0,0,0.151245552,0,0,0,0,0,0,0.021606507,0,3.28418912,0,0,3.629893238,0,0.021606507,8.037620742,0.129639044,0.086426029,0.021606507,0,0,57.38688358,0,0.885866802,0.064819522,0,0,117.1720895,0,0,0,0,0,0,0,0.021606507,0.280884596,0,0,0,0,0,0,0,0,0,0,0,0,0.043213015,0,0.064819522,0,0,0,1.598881546,174.8182511,0,0.237671581,0,0,2.787239451,0,14.04422979,0.129639044,40.4473818,0,0,0,0,0.021606507,0,0,0.345704118,0.021606507,0,0,0.043213015,0,0,0,0,3.28418912,0,0.043213015,0,0,0,0,0,0,0,0,0,0,0.086426029,0.043213015,0,0,0,0,0,0.151245552,0,0.259278088,0,0.345704118,0,0,0.043213015,0,0.086426029,0,0,0.021606507,0,0,0,0,0,0,0,0,0.172852059,0,0,0.021606507,0,0,0.021606507,0.108032537,0,0,1.274783935,0.151245552,0,0,0,0,0,0,0,0.043213015,0,0,0.021606507,0,0,0,0,0,0,0.151245552,0,0,0,0,0,0,0,0,0,0,0,0,0,0.475343162
sa.10,0,0,0,0,0.16463828,0,0,0,0,0,0.214029764,0,0,0,0,0,0,0,0,0,0,0,0,0,0,0,0,0,0,0,0,0,0,0,0,0,0,0,0,0,0.049391484,0,0,0,0,0,0,0.08231914,0,0,0,0,0,0,0,0,0,2.947025212,0.230493592,0,0,0,0,0,496.6642993,0,0,0,0.049391484,0,0.181102108,0,0,0,0,0,0,0,0,0.098782968,0,0.032927656,0,0,0,0,0,0,0,0,0,0,0,0,0,0,0,0,0,0.08231914,0,0,0,0,0,0,4.19827614,0,3.86899958,0,0,0.016463828,0,0,0,0,0.32927656,0,0.016463828,0,0,0,0,0,0,0,0,0,0.032927656,0.016463828,0,0,0,0,0,0,0,0,0,0,0,0.016463828,0.016463828,0,0,0,0,0,0,0.098782968,0,0,0.032927656,0,0,0,0,0,0.032927656,0.032927656,0,0,0,0,0,0,0.049391484,0,0,0,0,0,0,0.016463828,0,0,0.362204216,0,0,0,0,0,0,0,0,0,0,0,0,0,0,0,0,0,0,0,0,0,0,0,0,0.032927656,0,0,0,0,0,0,0,0.032927656
sa.11,0,0,0,0,0,0,2.0678216,0,0,0,6.767416144,0,0.187983782,0.375967564,0,0.187983782,0,0,0,0,0,0,0,0,0,0,0,0,0,0,0,0,0,0,0,0,0,0,0.187983782,0,0.375967564,0.375967564,0,0.187983782,0,0,0,0,0,0,0,0,0,0,0,0,0,1.315886473,1.315886473,0,0,0,0,0,260.3575378,0,0.187983782,0.751935127,0,0,2.819756727,0,0.563951345,0,0,0,0,0,0,0.187983782,0,0.187983782,0,0,0,0,0,0,0,0,0,0,0,0,0,0,0.187983782,0,0,0.751935127,0,0.751935127,0,0,2.443789163,0,181.5923332,0,34.40103207,0,0,0,0,0,0,0,7.33136749,0,0,0,0,0,0,0,0,0.375967564,0,0.187983782,0,0,0,0,0,0,0,0,0,0,0,0,0,0,0,0,0,0,0,0,0,0.939918909,0,0,0,0,0,0,0,0,0.187983782,0,0,0,0,0,0,0,0,0,0,0,0,0,0,0,0,0,1.691854036,0,0,0,0,0,0,0,0,0,0,0,0,0,0,0,0,0,0,0.187983782,0,0,0,0,0,0,0,0,0,0,0,0,0,0.563951345
sa.12,0,0.128366474,0,0,3.979360685,0,0.128366474,0.128366474,0,0,62.89957211,0,0.770198842,3.209161842,0,0,0,0.128366474,0,0,0,0,0,0,0,0.256732947,0,0,0.128366474,0,0,0,0,0.128366474,0,0,0,0,0,0,0.256732947,0.385099421,0,0.385099421,0,0,0,1.540397684,0,0,0,1.155298263,2.310596527,0,0,0,0,2.824062421,152.7561037,0.641832368,0,1.412031211,0,0,149.9320413,0,0.256732947,0.128366474,0,0,2.695695948,0,0,0,0,0,0,0,0.128366474,0,0,0,0,0,0,0,0,0,0,0,0,0,0,0,0,0,0,0,0,1.155298263,0,0,0,0,0.770198842,0,54.42738485,0,47.88069469,0,0,0.128366474,0,0,0,0,7.830354896,0.128366474,0,0,0,0.256732947,0,0,0,0.128366474,0,0.513465895,0,0,0,0,0,0,0,0,0,0,0,0,0,0.128366474,0,0,0,0,0,0,0,0.641832368,0,0,0.256732947,0,0,0,0,0,0.128366474,0,0,0,0,0,0,0,0.770198842,0,0,0.256732947,0,0,0,0.256732947,0,0,2.310596527,0,0,0,0,0,0,0,0,0,0,0,0,0,0,0,0,0,0,0.256732947,0,0,0,0,0,0,0,0,0,0,0,0,0,3.080795369
sa.13,0,0,0,0,2.388453678,0,0.738249319,0,0,0,0.781675749,0.043426431,0.043426431,0.043426431,0,0.217132153,0,0.086852861,0,1.129087193,0,0,0.043426431,0,0.043426431,0,0,0,0.738249319,0,0,0,0,0,0,0,0,0,0,0,0.738249319,0,0,0.130279292,0,0,0,0.043426431,0,0,0,0.086852861,26.62040191,0,0,26.05585831,0,0.173705722,0.260558583,0.086852861,0.043426431,0,0,0,62.53405995,0,0.130279292,0.260558583,0,0.086852861,102.1389646,0,0,0,0,0,0,0,0,1.129087193,0,0.260558583,0,0,0,0,0,0,0,0,0,0.043426431,0,0.043426431,0,0,0,0,0,128.2816757,0,0.477690736,0,0,0.303985014,0.043426431,0.82510218,0,132.4940395,0,0,0.043426431,0,0,0,0,0.217132153,0.043426431,0,0,0,0.086852861,0,0,0,13.50561989,0,0,0,0,0,0,0.043426431,0,0,0,0,0,0.086852861,0,0,0,0,0,0,0,0,0.043426431,0,0.043426431,0,0,0.173705722,0.130279292,0,0,0,0.043426431,0.390837875,0,0,0,0,0,0,0.173705722,0.086852861,0,0,0.260558583,0,0,0,0,0,0,1.997615804,0.130279292,0,0,0.130279292,0,0,0,0,0.043426431,0.043426431,0,0.043426431,0,0,0,0,0,0,0.173705722,0,0,0,0,0,0.347411444,0,0,0,0,0,0,0,2.127895095
sa.14,0,0,0,0,0.007182997,0,0.014365995,0,0,0,0.021548992,0,0,0.014365995,0,0.064646977,0,0,0,0,0,0,0,0,0.007182997,0,0,0,0,0,0.014365995,0,0,0,0,0,0,0,0,0,0.007182997,0,0,0.007182997,0,0,0,0.071829974,0,0,0,0.086195969,0.057463979,0,0,0,0,0.179574936,0.014365995,0.02873199,0.043097985,0.215489923,0,0,304.0778299,0,0.172391938,0.014365995,0,0,193.4165716,0,0,0,0,0,0,0,0.007182997,0.014365995,0,0.007182997,0.014365995,0,0,0,0,0,0.007182997,0,0,0.014365995,0,0,0,0,0,0,0,0.021548992,0.014365995,0.021548992,0,0,0.014365995,0,1.400684497,0,9.287615667,0,0,0.007182997,0,0,0,0,0.208306925,0.021548992,0,0,0,0.007182997,0,0,0,0.007182997,0.007182997,0.014365995,0,0,0,0,0,0,0,0,0,0,0.007182997,0,0,0,0,0,0.007182997,0,0,0,0,0.014365995,0,0,0,0,0,0,0,0,0,0,0,0,0,0,0,0,0.007182997,0,0.007182997,0,0,0,0,0,0,0,0.007182997,0,0,0,0,0,0,0,0,0,0,0,0,0,0,0,0.007182997,0,0,0,0,0,0,0,0,0,0,0,0,0,0,0,0,0.308868889
sa.15,0.14425848,0,0,0,0.005443716,0,0,0.002721858,0.438219158,0,0.024496723,0,0,0,0,0.019053007,0,0,0,0,0,0,0,0,0,0,0,0,0,0,0.378338279,0,0,0,0,0,0,0.002721858,0,0,0,0.002721858,0,0,0,0,0,0.577033922,0,0,0,0.021774865,0.005443716,0,0,0,0,0.019053007,0.400113144,0.002721858,0.070768311,0.008165574,0,0,373.2266294,0.002721858,0.117039899,0.002721858,0,0,112.5243366,0,0,0,0,0,0,0,0,0.032662297,0.002721858,0.002721858,0,0,0,0,0,0,0,0,0,0,0,0,0,0,0,0,0.002721858,0.016331149,0,0.016331149,0,0,0,0,0.62330551,0,5.541703136,0,0,0,0,15.42749183,0,0,0.084377602,0.002721858,0,0,0,0.005443716,0,0,0,0.010887432,0,0.005443716,0,0,0,0,0,0,0.002721858,0,0,0,0,0,0,0,0,0,0,0,0,0,0,0.005443716,0,0,0,0,0,0,0.002721858,0,0,0,0,0,0,0,0,0,0.002721858,0,0.002721858,0,0,0,0,0,0,0,0.005443716,0,0,0,0,0,0,0,0,0,0,0,0,0,0,0,0,0,0,0,0,0.005443716,0,0,0,0,0.027218581,0,0,0,0,0,0,0.17419892
sa.16,0.012518102,0,0,0,0.050072409,0.050072409,0,0,0,0,0.075108613,0,0,0.012518102,0,0.162735328,0,0,0,0,0,0,0,0,0,0,0,0,0,0,0,0,0,0,0,0,0,0,0,0,0,0.012518102,0,0,0,0,0,0.475687882,0,0,0.250362043,2.153113571,0.050072409,0,0,0.012518102,0,1.45209985,0.062590511,0.087626715,0.413097371,0.012518102,0,0,39.56972092,0.012518102,0.375543065,0,0,0,407.5894062,0,0,0,0,0,0,0,0.012518102,0.375543065,0.062590511,0.012518102,0,0,0,0,0,0,0.012518102,0,0,0,0,0,0,0,0,0,0.012518102,0.137699124,0,0,0,0,0.075108613,0,1.865197221,0,51.93760585,0,0,0.025036204,0,0.438133576,0,0,0.212807737,0,0,0,0,0.012518102,0,0,0,0.28791635,0,0.025036204,0.012518102,0,0,0,0,0,0,0,0,0,0,0,0,0,0,0.012518102,0,0.012518102,0,0,0,0.037554306,0,0,0,0,0,0,0,0,0,0,0,0,0,0,0,0,0.012518102,0,0,0,0,0,0,0,0,0,0.062590511,0,0,0,0,0,0,0,0,0,0,0,0,0,0,0,0,0,0,0,0,0,0,0.012518102,0,0,0.025036204,0,0,0,0,0,0,1.414545544
sa.17,1.872246696,4.49339207,0,0,14.97797357,0,0.748898678,0.374449339,0.374449339,10.85903084,4.86784141,1.872246696,0,0.374449339,0,0.374449339,0.374449339,0.374449339,0,0,0,0,0,0,0,0,0,0,0.374449339,0,0,1.123348018,0,0,41.56387665,1.497797357,5.242290749,16.10132159,1.123348018,0,2.995594714,1.497797357,0,1.872246696,0,0,0.374449339,3.370044053,0,0,0.374449339,12.35682819,1.497797357,0,0,0.374449339,0,3.370044053,0.748898678,0.374449339,0,0,0,0,153.1497797,1.872246696,0,0,0,0,48.6784141,0,0.374449339,0,0,0,0,1.497797357,0,0.748898678,1.123348018,0,0,0,0,0.748898678,0,0.374449339,0,0,0.748898678,0,0,0,0,0,0,0,13.85462555,4.86784141,0,0,1.123348018,0.374449339,2.621145374,0,2.246696035,0,4.86784141,0,0,0.374449339,0,0.374449339,0,0,4.49339207,0,0,0,0,1.123348018,0,0,0,1.497797357,4.118942731,8.237885463,0,0,1.123348018,0,0,0,0,0,0,0,2.246696035,1.497797357,0,0,0,0,0,0,0,0,0,12.73127753,0,0,0,0,2.246696035,1.497797357,0,0,0.374449339,0,0,0,0,0,0,0,0,0,0.374449339,0,0,0,0,1.123348018,0,0.374449339,20.22026432,0,0,0,0,0,0,0,0,0,0,0,0,0,4.49339207,0,0,0,0,0.374449339,0,0,0,0.748898678,0,0,0,0,0.748898678,1.872246696,0,1.123348018,0,59.16299559
sa.18,0,1,0,0,18,0,3,1,0,0,4,0,0,1,0,0,0,0,1,0,0,0,0,0,0,0,0,0,0,0,0,0,0,0,9,0,0,0,3,0,2,0,0,0,0,0,2,1,0,0,0,0,4,0,0,0,0,1,6,0,0,1,0,0,217,0,0,1,0,0,118,0,0,0,0,0,0,0,0,0,1,0,0,0,0,0,0,0,0,0,0,4,0,2,0,0,0,0,0,11,0,0,0,2,2,0,5,0,4,0,0,3,0,3,0,2,7,1,0,0,0,0,0,0,0,0,4,1,0,0,0,0,0,0,0,2,0,0,4,0,0,0,0,0,2,0,0,0,0,4,0,0,0,0,3,0,0,0,0,0,0,0,0,0,0,0,1,0,0,0,0,0,0,0,0,0,20,0,0,0,0,0,0,0,0,0,0,0,0,0,4,0,1,0,0,1,0,0,0,0,0,0,0,0,0,0,0,0,0,22
sa.19,11.72929496,2.243307779,0,0,0.897323112,0,0,0.064094508,0,3.397008923,0.192283524,0.576850572,0,0.064094508,0.192283524,0.064094508,0,0,0,0,0,0,0,0,0,0.064094508,0,0,0,0,0,0.769134096,0,0.128189016,2.115118763,0,0.448661556,1.858740731,0.128189016,0,0,0,0,0,0,0,0.256378032,0,0,0,0.064094508,0.128189016,0,0,0,0,0,0,0.128189016,0,0,0,0,0,11.53701144,0,0,0,0,0,14.16488626,0,0,0,0,0,0,0,0,0.128189016,0.192283524,0,0,0,0,0,0,0,0,0,0.064094508,0.256378032,0,0,0,0,0,0,0.128189016,0.192283524,0,351.3660927,0,0,0,0,0.128189016,0,0.769134096,0,0,0.064094508,0.192283524,0,0,0,0.192283524,0.064094508,0,0,0,0.064094508,0,0,0,0,1.538268192,0,0,0,0,0.064094508,0,0,0,0,0,0.064094508,0.32047254,0.064094508,0,0,0,0,0.128189016,0,0.064094508,0,0,0.256378032,0,0,0,0,0.064094508,0,0.128189016,0,0,0,0,0,0.064094508,0,0.064094508,0,0,0,0,0,0,0,0,0.064094508,0.128189016,0,3.140630891,0,0,0.128189016,0,0,0,0,0,0,0,0,0,0,2.691969335,0,0,0,0,0,0,0,0,0,0,0,0,0,0,0,0,0,0,96.01357295
sa.20,0,0,0,0,0.679588128,0,0.308903695,0,0,0,5.374924288,0,0.308903695,0.205935796,0,0,0,0,0,0.123561478,0,0,0,0,0,0,0,0,0.123561478,0,0,0,0.02059358,0,0,0,0,0,0,0,0.226529376,0.02059358,0,0.308903695,0,0,0,0,0,0,0,0,0.082374319,0,0,0,0,0.247122956,6.054512417,0,0,0,0,0,470.7486372,0,0.288310115,0,0,0,0.329497274,0,0,0,0,0,0,0,0,0.226529376,0,0,0,0,0,0,0,0,0.02059358,0,0,0,0,0,0,0,0,0,0.247122956,0.123561478,0,0.02059358,0,0,0.144155058,0,8.958207147,0,8.587522714,0,0,0.02059358,0,0,0,0,0.782556027,0.061780739,0,0,0,0.144155058,0,0,0.494245912,1.606299213,0,0,0,0,0,0,0,0,0,0,0,0,0,0,0,0,0,0,0,0,0,0,0,0.164748637,0,0,0,0,0,0,0,0,0,0,0,0,0,0,0,0,0.123561478,0,0,0.041187159,0,0,0.02059358,0,0.02059358,0,1.359176257,0.123561478,0,0,0,0,0,0,0,0.123561478,0,0.061780739,0,0,0,0,0,0,0,0,0,0,0,0,0,0,0,0,0,0,0,0,0,1.070866142
sa.21,0.630372812,0.704200258,0,0,15.049441,0,0.99383101,0.03975324,0,0.022716137,9.711148724,0.323704957,0.176050065,0.522471159,0,0.141975859,0.153333927,1.175560109,0,0.119259721,0,0.539508262,0,0,16.04327201,0,0,0,7.502004365,0,0,0,0.119259721,0,0,0.028395172,0,0.062469378,0,0,2.981493029,0.624693778,0,1.698031268,0.738274464,0,0,0.232840408,0,0,0,0.738274464,3.606186807,0.005679034,0,0.363458198,0.022716137,0.022716137,0.028395172,0.880250323,0,0,0.011358069,0,171.8986905,0,3.628902944,0.942719701,0.278272683,0.051111309,18.7521714,0,0,0.034074206,0.159012962,0,0,0,0.051111309,0.181729099,0.539508262,0.011358069,0,0,0,0.817780945,0.022716137,0.096543584,0.073827446,0.056790343,0.022716137,0.096543584,0,0.028395172,0,0.034074206,0.005679034,0.022716137,3.339272193,211.4418066,0,0.289630751,0.079506481,0,0.465680816,0.005679034,0.227161374,0,4.151374104,0,0.363458198,0.085185515,0.079506481,0,0,0,2.112600775,0.141975859,0,0,0,0.164691996,0,0,0.034074206,0.624693778,0.034074206,0.221482339,0.107901652,0,0,0.136296824,0.056790343,0,0,0.318025923,0,0.113580687,1.1244488,0.034074206,0.045432275,0.153333927,0.028395172,0,0,0,0.397532404,0.096543584,0,0.749632533,0.017037103,0,0.295309786,0,0,0,0.034074206,0.034074206,0.505434056,0.028395172,0,0.005679034,0.079506481,0.028395172,0,0,0.380495301,0,0,0.181729099,0,0.028395172,0.090864549,0.357779164,0.124938756,0.045432275,13.5274598,0.124938756,0.13061779,0.011358069,0.062469378,0,0.068148412,0,0,0.051111309,0.096543584,0,0,0,0.090864549,0.051111309,0.141975859,0,0,0.073827446,0,0,0,0.028395172,0.028395172,0,0,0.022716137,0.017037103,0,0,0,0,2.192107256
sa.22,0,0,0,0,1.434561087,0,0.460142235,0.02706719,0,0,4.709691116,0,0.081201571,0.189470332,0,0,0,0,0,0.135335952,0,0,0,0,0,0,0,0,0.02706719,0,0,0,0,0,0,0,0,0,0,0,0.243604713,0.081201571,0,0.378940664,0,0,0,0.135335952,0,0,0,0,0.108268761,0,0.108268761,0.02706719,0,0.081201571,0.162403142,0.162403142,0.02706719,0,0,0,446.283834,0,0.108268761,0.02706719,0.081201571,0,0.947351661,0.02706719,0,0,0,0,0,0.054134381,0,0.270671903,0,0,0,0,0,0,0,0,0,0,0,0,0,0.054134381,0,0,0,0,0,0.216537523,0,0,0,0,0,0,19.73198174,0,28.96189364,0,0,0,0,0,0,0,0.730814139,0.054134381,0,0.02706719,0,0,0.02706719,0,0,0.270671903,0,0.02706719,0,0,0,0,0,0,0,0.054134381,0,0,0,0,0,0.054134381,0.081201571,0,0,0,0.108268761,0.02706719,0,0.297739094,0,0.02706719,0.054134381,0,0,0,0,0,0.487209426,0,0,0.02706719,0,0,0,0.02706719,0,0,0,0.189470332,0,0,0,0.054134381,0,0,1.272157945,0.135335952,0.108268761,0,0,0,0,0,0,0,0,0,0,0,0,0.02706719,0,0,0,0.081201571,0,0,0,0,0,0,0,0,0,0,0.02706719,0.135335952,0,0.243604713
sa.23,0.059281646,0.059281646,0,0,4.09043357,0,0.652098105,0.059281646,0,0,17.72521214,0,0.652098105,1.185632919,0,0.533534813,0,0,0,0,0,0,0,0,0.059281646,0.059281646,0,0,0.059281646,0,0,0,0,0,0,0,0,0,0,0,2.252702546,0.059281646,0,2.1934209,0,0,0,0,0,0,0.059281646,0.414971522,0.237126584,0.118563292,0,0.177844938,0,0.118563292,0.355689876,0.29640823,0,0.059281646,0,0.059281646,355.8677206,0,0.059281646,0.118563292,0.059281646,0,2.015575962,0.059281646,0,0,0,0,0.237126584,0,0,0.29640823,0,0,0,0,0,0,0,0,0.118563292,0.059281646,0,0,0,0,0,0,0,0,0,0.355689876,0,0.948506335,0,0,1.60060444,0,0.355689876,0.118563292,106.8848076,0,0.059281646,0.059281646,0,0,0,0,0.770661397,0.059281646,0,0,0,0.355689876,0,0,0,0.355689876,0,0.059281646,0,0,0,0,0,0,0,0,0,0,0.059281646,0,0,0,0,0,0,0,0,0,0,0.29640823,0,0,0.29640823,0,0.177844938,0,0,0,0.474253167,0.059281646,0,0,0,0,0,0,0.059281646,0,0,0.118563292,0.118563292,0,0.059281646,0.118563292,0.059281646,0,4.268278507,0.177844938,0,0,0.118563292,0,0,0,0,0.059281646,0,0,0,0,0,0,0,0.059281646,0,0,0,0,0,0,0,0,0,0,0,0.059281646,0,0,0,0.889224689
sa.24,0.204367862,0,0,0.153275897,24.0132238,0,0.204367862,0,0,0,8.276898417,0.051091966,0.102183931,0.306551793,0,0.664195552,0,0,0,0,0,0,0.255459828,0,0,0.051091966,0,0,0.153275897,0.102183931,0,0,0,0,0.051091966,0,0,0,0,0.153275897,7.306151072,0,3.269885794,3.525345622,0,0,0,0.102183931,0,0,0.051091966,0,2.452414346,0.051091966,0,0.102183931,0,0.153275897,0.051091966,0.153275897,0,0,0,0.306551793,325.8645562,0.051091966,0.051091966,0,0.204367862,0,15.73632539,0,0,0,0,0,0,0,0,2.86115007,0.102183931,0.153275897,0.102183931,0,0,0,0,0,0,0,0,0,0,0.051091966,0,0,0,0,0,0.255459828,0,0,0,0,0.051091966,0,0.255459828,0,91.60789421,0,0,0.255459828,0,0,0,0,6.335403727,0.868563414,0,0,0,0,0,0,0.204367862,0,0,0.357643759,0,0,0,0,0.102183931,0,0,0,0,0,0.204367862,0.051091966,0,0.102183931,0.051091966,0.051091966,0,0.051091966,0.051091966,0.153275897,0,1.94149469,0.051091966,0.102183931,0,0,0,0,0,0.45982769,0.255459828,0,0,0,0,0,0,0.408735724,0,0,0,0,0.102183931,0,0,0.153275897,0.102183931,0,5.72230014,0.153275897,0,0,0,0,0,0,0,0,0,0,0,0,0.153275897,0,0,0,0,0.357643759,0,0.153275897,0,0,0,0,0,0,0,0,0.102183931,0,0,1.328391104
sa.25,0,0,0,0,0.775647525,0,0.054843764,0,0,0,0.861830583,0,0.007834823,0.062678588,0,0.054843764,0,0.007834823,0,0,0,0,0,0.368236704,0.007834823,0,0,0,0,0,0,0,0,0,0,0,0,0.007834823,0,0,0,0,0,0,0,0,0,0.007834823,0,0,0,0,0.274218822,0,0,0.007834823,0,0.02350447,20.7152733,0.015669647,0,0.007834823,0,0,473.1998341,0,0.007834823,0,0,0,0.117522352,0,0.039174117,0,0,0,0,0,0,0.407410821,0,0.02350447,0,0,0,0,0,0,0,0,0,0,0,0,0,0,0,0,0,0.02350447,0,0,0,0,0.274218822,0,0.924509171,0,7.701631487,0,0.007834823,0.007834823,0,0,0,0,1.676652226,0.047008941,0,0.007834823,0,0,0,0,0,0.564107291,0,0,0,0,0,0,0,0,0,0,0.062678588,0,0,0,0,0,0,0,0,0,0.148861646,0,0,0.399575998,0,0,0,0,0,0,0,0,0.054843764,0.086183058,0,0,0,0,0,0,0.148861646,0,0,0.062678588,0,0,0,0.007834823,0,0,0.477924233,0,0,0,0,0,0,0,0,0,0,0,0,0,0,0,0,0,0,0,0,0,0,0,0,0,0,0.164531293,0,0,0,0,0,0.094017882
sa.26,0,0,0,0,0.340853519,0,0.0083135,0,0.199524011,0,0.274345516,0,0.0083135,0.041567502,0,0,0,0,0,0,0,0,0,0.0083135,0,0.016627001,0,0,0.0083135,0,0,0,0,0,0.0083135,0,0,0,0,0,0,0,0,0,0,0,0,0.016627001,0,0,0.0083135,0,0.058194503,0,0,0.0083135,0,10.64959411,0.257718515,0,0,3.233951684,0.914485052,0,476.0726046,0,0,0,0,0,0.216151012,0,0.266032015,0,0,0,0,0,0.049881003,0.432302025,0,0.016627001,0,0,0,0,0,0,0,0,0,0,0,0,0,0,0,0,0.914485052,0.041567502,0,0.108075506,0,0,0,0,1.837283604,0,9.003521012,0,0,0,0,0.0083135,0,0,3.258892185,0.116389007,0,0,0,0,0.124702507,0,0,0.831350047,0,0,0,0,0,0,0,0,0,0,0,0,0,0,0,0,0,0,0,0,0,0,0,0,0,0,0,0,0,0,0,0,0,0,0,0,0,0,0,0,0.058194503,0,0,0,0,0,0,0.0083135,0,0,0.340853519,0,0,0,0,0,0,0,0,0,0,0,0,0,0,0,0,0,0,0.116389007,0,0,0,0,0,0,0,0,0,0,0,0,0,0.116389007
sa.27,0,0.044432828,0,0,11.15263983,0,0.844223732,0.177731312,0.044432828,0,10.39728176,0.355462624,0.311029796,0.622059592,0,0,0,0,0,0,0,0,0,0,0,0,0,0,0.088865656,0,0,0,0,0,0,0,0,0,0,0,0.22216414,0.533193936,0,0.266596968,0,0,0,0.088865656,0,0,0,0,0,0,0,0.044432828,0,0.177731312,59.14009409,0,0,0,0,0,351.108207,0,0,0,0,0,1.466283325,0,0,0,0,0,0,0.22216414,0.088865656,13.01881861,0,0.977522216,0,0,0,0,0,0,0.044432828,0,0,0,0,0,0,0,0,0,0,0.177731312,0,0.133298484,0,0,6.975953999,0,2.932566649,0,21.06116048,0,0,0.044432828,0,0,0,0,11.68583377,1.377417669,0,0,0,0,0,0,0.044432828,0.933089388,0.133298484,0.710925248,0,0,0.44432828,0,0,0,0,0,0,0,0,0,0,0,0,0.088865656,0,0,0.399895452,0.177731312,0,0.266596968,0,0,0,0,0,0,0,0.088865656,0.044432828,0.266596968,0,0,0,0.044432828,0,0,0.088865656,0,0,0,0,0,0,0.177731312,0.133298484,0,7.820177731,0.044432828,0,0,0,0,0,0,0,0,0,0,0,0,0,0,0.133298484,0.22216414,0,0,0,0,0,0,0,0,0,0,0,0,0,0,0,1.910611605
sa.28,0,0,0,0,0.803833866,0,0.065175719,0,0,0,0.195527157,0,0,0.043450479,0,0,0,0,0,0,0,0,0,0,0,0,0,0,0,0,0,0,0,0,0,0,0,0,0,0,0,0.02172524,0,0,0,0,0,0,0,0,0,0.108626198,0.738658147,0,0,0,0,0.369329073,0.043450479,0,0.065175719,0,0,0,498.0728435,0,0,0,0,0,0.738658147,0,0.130351438,0,0,0,0,0,0,0.869009585,0,0,0,0,0,0,0,0,0,0,0,0,0,0,0,0,0,0,0.391054313,0.130351438,0,0.02172524,0,0,1.10798722,0,1.086261981,0,0.477955272,0,0,0,0,0,0,0,1.824920128,0.152076677,0,0,0,0.02172524,0.130351438,0,0.108626198,0,0,0,0.043450479,0,0,0,0,0,0,0,0,0,0.02172524,0,0,0,0,0,0,0,0,0.173801917,0,0.130351438,0,0,0,0,0,0,0,0,0.108626198,0,0,0,0,0,0,0,0.086900958,0.043450479,0,0,0,0,0,0.043450479,0,0,0.847284345,0,0,0,0,0,0,0,0.043450479,0,0,0,0,0,0,0,0,0,0,0.434504792,0,0,0,0,0,0,0,0,0,0.152076677,0.152076677,0,0,0
sa.29,0,0,0,0,18.10830381,0,0,0.026377719,0,0,1.516718819,0,0.039566578,0.118699734,0,0,0,0,0,0,0,0,0,0,0,0,0,0,0,0,0,0,0,0,0,0,0,0,0,0,0,0,0,0,0,0,0,0,0.065944296,0,0,0,0.026377719,0,0,0,0,8.322170214,0.013188859,0,0,0,0,0,453.9209703,0,0,0,0,0,0.18464403,0,0,0,0,0,0,0,0,1.094675321,0,0.039566578,0,0,0,0,0,0,0.013188859,0,0,0,0,0,0,0,0,0,0,0.065944296,0,0,0,0,1.85962916,0,0.013188859,0,0.026377719,0,0,0,0,0,0,0,13.71641366,1.595851974,0,0,0,0,0,0,0,0,0,0,2.664149577,0.026377719,0,0,0,0,0,0,0,0,0,0,0,0,0,0,0,0,0,0,0,0,0,0,0,0,0,0,0,0,0,0,0,0,0,0,0,0,0,0,0,0,0,0,0,0.039566578,0.026377719,0,3.073004215,0,0,0,0,0,0,0,0,0,0,0,0,0,0,0,0,0,0,0,0,0,0,0,0,0,0,0,0,0,0,0,0,3.402725698
sa.30,0,0.086338243,0.086338243,19.85779584,102.2244794,0,17.18131031,13.1234129,0,0,4.489588624,0,0,0,0,0,0,0,0,0,0,0,0,0,0.086338243,0,0,0,0,0,0,0,0,0,0,0,0,0,0,0,0,0,0,0,0,0,0,0,0,0,0,0,0.345352971,0,0,0.086338243,0,5.871000508,4.144235653,0,0,0,0,0,15.88623667,0,0,0,0.086338243,0,1.813103098,0,0,0,0,0,0,0,0,144.0121889,0,9.238191976,0,0,0,0,0,0,0,0,0,0,0,0,0,0.518029457,0,0,0,0.431691214,0,0.086338243,0,0,0,0,0.345352971,0,1.295073641,0,0,0,0,0,0,0,62.07719655,8.461147791,0,0,0,0,0,0,0,0,0,0,0,0,0,0,0,0,0,0,0,0,0,0,0,0,0,0,0,0,0,27.19654647,0,0,0,0,0,0,0,0,0,0,0,0,0,0,0,0,0,0,0,0,0,0,0,0,0,0,0,0,0.172676486,0,0,0,0,0,0,0,0,0,0,0,0,0,0,0,0,0,0,17.87201625,0,0,0,0,0,0,0,0,0,0,0,0,0,52.92534281
sa.31,0.058441558,0.915584416,0,0,51.66233766,0,14.33766234,1.753246753,0,0,96.97402597,0,1.305194805,5.025974026,0,0,0,0.292207792,0.019480519,0,1.772727273,0,0,0,0,0,0.019480519,0.487012987,0.818181818,0,0.155844156,0,0.175324675,0,0.077922078,0.214285714,0,0,0,0,0.038961039,0,0,0.214285714,0,0,0,0.233766234,0,0,0,0,2.824675325,0.214285714,0,0.038961039,0,0,0.311688312,0.136363636,0,0,0,0,7.909090909,0,0.038961039,0.175324675,0,0,2.435064935,0,0,0,0,0,0,0.038961039,1.12987013,69.07792208,0,5.142857143,0.467532468,0.019480519,0.038961039,0,0,0,0,0,0,0,0.194805195,0,0,0,0.350649351,0,0.058441558,2.415584416,0.642857143,0.019480519,0,0,1.012987013,0,0.116883117,0,11.3961039,0,0,1.12987013,0.097402597,0,0,0,39.54545455,0.506493506,0,0,0,0.603896104,0,0,0,0.428571429,0,0.545454545,0.058441558,0,0,0,0,0,0.487012987,0,0,0,0,0.058441558,0,0.935064935,0.097402597,0,0,0,0.603896104,1.032467532,0,1.850649351,0,0.136363636,0,0,0.038961039,0,0.058441558,0,0.487012987,0,0,0,0,0,0,0,0.818181818,0.077922078,0,0,0,0,0.019480519,0.058441558,0,0,3.448051948,0.331168831,0,0,0,0.019480519,0,0,0,0,0,0,0,0,0,0,0,0,0,40.92857143,0.428571429,0,0,0,0,0.019480519,0,0.272727273,0,0.136363636,0,0,0.038961039,131.9415584
sa.32,0,0.606283612,0,0.028870648,16.6006227,0,1.443532409,0,0,0,216.1834135,0,3.868666855,11.60600057,0,0,0,0,0.115482593,0,0.115482593,0,0,0,0,1.73223889,0,0,0.028870648,0,1.356920464,0,0,0,0,0,0,0,0,0,0.375318426,0,0,0.202094537,0,0,0,0,0,0,0,0,1.010472686,0,0,0,0,13.3671101,0.779507501,0,0,0.95273139,0,0,212.0260402,0,0,0,0,0,0.606283612,0,0.028870648,0,0,0,0,0,0,1.328049816,0,0.057741296,0,0,0,0,0,0,0,0,0,0,0,0,0,0,0,0,0,0.288706482,0,0.086611945,0,0,0.028870648,0,8.54571186,0,5.196716671,0,0,0,0,0,0,0,3.551089725,0.115482593,0.057741296,0,0,0.115482593,0.028870648,0,0.230965185,0,0,0.981602038,0,0,0,0,0,0,0,0.086611945,0,0,0.404189074,0,0.086611945,0,0,0.057741296,0,0.375318426,0,0.173223889,0,0.866119445,0,0,0.086611945,0,0,0,0,0,0.144353241,0.057741296,0,0,0,0,0.028870648,0,0.086611945,0,0,0.288706482,0,0,0,0.028870648,0,0,0.866119445,0.028870648,0,0,0,0,0.173223889,0,0,0,0,0,0,0,0,0,0,0,0.144353241,0.173223889,0,0,0,0,0,0,0,0,0,0,0,0,0,2.194169261
sa.33,0,0.071388578,0,0.249860022,93.73320269,0,117.7554591,92.69806831,0,0,27.91293393,0,0.464025756,1.213605823,0,0,0,0,0,0,0,0,0,0,0,0,0,0,0,0,0,0,0,0,0,0,0,0,0,0,0,0,0,0,0,0,0,0,0,0,0,0,0.035694289,0,0,0.035694289,0,0.035694289,0.035694289,0,0,0,0,0,5.104283315,0,0.035694289,14.88451848,0,0,0.571108623,0,0,0,0,0,0,0,0,13.70660694,0,0.99944009,0.6424972,0,0,0,0,0,0,0,0,0,0,0,0,0,0,0,0.035694289,0.249860022,0,0,0,0,0,0,0.071388578,0,0.142777156,0,0,0.035694289,0,0.035694289,0,0,100.943449,9.280515118,0,0.356942889,0,0,0,0,0,0,0,0,0,0,0,0,0,0,0,0,0,0,0,0,0,0,0,0,0,0,0,3.28387458,0,0,0,0,0,0,0,0,0,0,0,0,0,0,0,0,0,0,0,0,0,0,0,0,0,0,0,0,0,0,0,0,0,0,0,0,0,0,0,0,0,0,0,0,0,0,0,0,0,0,0,0,0,0,0,0,0,1.427771557,0,0,0,23.95086786
sa.34,0,0,0,0,8.087457953,0,3.25404453,0,0,0,0.313150729,0,0,0.068076245,0,0,0,0,0,0,0,0,0,0.027230498,0,0,0,0,0.013615249,0,0,0,0,0,0,0,0.054460996,0,0,0,0,0,0,0,0,0,0,0.163382989,0,0,0,0,0.013615249,0,0.054460996,0.013615249,0,18.77542848,0.217843985,0.013615249,0,0.013615249,0,0,446.5529393,0,0,0.217843985,0,0,0.272304982,0,0.054460996,0,0,0,0,0.190613487,0.44930322,19.60595867,0,1.497677399,0.068076245,0.027230498,0,0,0,0,0,0,0,0,0,0,0,0,0,0,0,0.081691494,0,0.027230498,0,0,0.040845747,0,0.58545571,0,2.396283838,0,0,0,0,0,0,0,5.568636873,0.313150729,0,0.040845747,0,0.013615249,0,0.013615249,0.163382989,0.013615249,0,0.040845747,0,0,0,0,0,0,0.013615249,0,0,0,0,0,0,0,0,0,0,0,0,0,0,0,0,0,0,0,0,0,0,0,0.040845747,0,0,0,0,0,0,0,0.013615249,0,0,0.027230498,0,0,0,0,0,0,0.108921993,0.068076245,0,0,0,0,0,0,0,0,0,0,0,0,0,0,0,0,0,0.231459234,0,0,0,0,0,0,0,0,0,0,0,0,0,0.176998238
sa.35,0,0,0,0,92.23828125,0,9.9609375,0.3984375,0,0,64.9453125,0,0.59765625,3.1875,0,0,0,0,0,0,0,0,0,0,0,6.17578125,0,0,0,0,0,0,0,0,0,0,0,0,0,0,0.59765625,0,0,2.58984375,0,0,0,0.19921875,0,0,0.19921875,0.19921875,0,0,0,0,0,6.97265625,0.19921875,0.19921875,0,0,0,0,138.0585938,0,0.19921875,1.1953125,0,0,1.59375,0,0,0,0,0,0,0,2.19140625,98.015625,0,5.1796875,0,0,0,0,0,0,0,0,0,0,0,0,0,0,0,0,0,0.19921875,0,0,0,0,5.578125,0,15.33984375,0,4.98046875,0,0,0.19921875,0,0,0,0,28.08984375,2.98828125,0,0,0,0,0,0,0.19921875,0,0,0.796875,0.19921875,0,0,0,0,0,0,0,0,0,0,0,0,0,0,0,0.19921875,0.99609375,0.3984375,0,0,2.98828125,0,0,0,0,0,0,0,0,1.79296875,0,0,0,0,0,0,0,1.59375,0,0,0,0,0,0,0,0.19921875,0,2.98828125,0,0,0,0,0,0,0,0,0.3984375,0,0,0,0,0,0,0,0,0,3.38671875,0,0,0,0,0,0,0,0,0,0,0,0,0,1.39453125
sa.36,0.041302235,0.08260447,0,0,18.87512148,0,1.032555879,51.87560739,0,0,136.9995141,0.041302235,2.436831876,7.764820214,0,0,0,0.041302235,0,0,0,0,0,0,0.041302235,1.734693878,0,0,0,0,0,0,0,0,0,0,0,0,0,0,0.165208941,0,0,0.08260447,0,0.041302235,0,0,0,0,0.041302235,0,0.371720117,0.041302235,0.08260447,0.165208941,0,8.590864917,0.041302235,0.206511176,0,1.073858115,0,0,189.5772595,0,0.08260447,1.032555879,0,0,0.826044704,0.123906706,1.734693878,0,0,0,0,0,0,13.58843537,0,0.371720117,0.536929057,0.08260447,0,0,0,0,0,0,0,0,0,0,0,0,0,0,0,0.289115646,0.041302235,0.041302235,0,0,0.330417881,0,1.280369291,0,1.404275996,0,0,0,0,0,0,0,58.27745384,1.486880466,0,0,0,0,0.165208941,0,0.041302235,0.041302235,0,0.413022352,0,0,0.08260447,0,0,0,0.123906706,0,0,0,0,0,0,0,0,0,0,0.041302235,0,0,0.08260447,2.106413994,0,0,0,0,0,0.08260447,0,0,0.371720117,0.206511176,0,0.041302235,0,0,0,0,0.247813411,0,0,0,0.08260447,0.123906706,0,0.08260447,0.247813411,0,1.280369291,0.041302235,0,0,0,0.123906706,0,0,0,0,0,0,0,0,0,0,0,0.165208941,0,0.041302235,0,0,0,0,0.289115646,0.123906706,0,0,0,0,0.206511176,0,0,0.165208941
sa.37,0,0,0,0,0.633948264,0,0.029259151,0,0,0,1.137855859,0,0.026008134,0.065020335,0,0,0,0.003251017,0,0,0,0,0,0.003251017,0,0,0,0,0.071522368,0,0,0,0,0,0,0,0,0,0,0,0.048765251,0,0,0.058518301,0,0,0,0,0,0,0,0,3.189247421,0,0,0,0,1.76530209,0.013004067,0,0,0.032510167,0,0,469.1314686,0,0.003251017,0,0,0,0.546170812,0,0.003251017,0,0,0,0,0,0,0.234073205,0,0.006502033,0,0,0,0,0,0,0,0,0,0,0,0,0,0,0,0,0,0.097530502,0,0.048765251,0,0,0,0,0.224320155,0,22.43526652,0.068271352,0,0,0,0.006502033,0,0,4.931792394,0.370615908,0,0.022757117,0,0,0,0.133291686,0.058518301,0.276336423,0,0.091028469,0,0,0,0.065020335,0,0,0,0,0,0,0,0,0,0.035761184,0.006502033,0,0,0.165801854,0.419381159,0.00975305,0,1.033823323,0,0,0,0,0,0,0,0,0.003251017,0,0,0,0.065020335,0,0.003251017,0.094279485,0,0,0,0,0,0,0,0.006502033,0.00975305,0,0.627446231,0.156048803,0,0,0,0,0,0.097530502,0,0,0,0,0,0,0.071522368,0,0,0,0,1.03707434,0,0,0,0.003251017,0,0,0,0,0,0,0,0,0,0.321850657
sa.38,0,0,0,0,0.795407906,0,0.071766127,0,0,0,0.328928081,0,0.005980511,0.011961021,0,0.035883063,0,2.499853419,0,0.059805106,0,0,0.005980511,0,0,0,0,0,0.31098655,0,0,0,0,0,0,0,0,0,0,0,0.053824595,0,0,0.017941532,0,0,0,0,0,0,0.005980511,0.005980511,0.388733187,0.005980511,0,0.017941532,0.005980511,4.485382929,0.065785616,0.017941532,0.017941532,0,0,0,304.5036763,0,0.143532254,0,0,0,8.151435909,0,0,0,0.161473785,0,0,0,0,0.029902553,0,0,0,0,0,0,0,0,0,0,0,0,0,0,0,0,0,0,0.023922042,12.56505271,0,0.041863574,0,0,0.017941532,0,1.028647818,0,173.4348066,0,0,0.005980511,0,0,0,0,0.071766127,0,0,0,0,0.017941532,0,0,0,0.053824595,0,0,0,0,0,0,0.017941532,0.017941532,0,0.011961021,0,0,0.017941532,0,0,0,0,0,0,0,0,0,0,0.017941532,0,0.005980511,0.041863574,0,0,0,0,0,0.017941532,0.005980511,0,0,0,0,0,0,0,0,0,0.023922042,0,0,0,0.005980511,0.005980511,0,0.215298381,0.017941532,0,0,0,0,0,0,0,0.005980511,0,0,0.017941532,0,0,0,0,0,0,0.017941532,0,0,0,0,0,0,0,0,0,0,0,0,0,0.065785616
sa.39,0,0.270501223,0.541002446,0,7.378672246,0,2.434511006,0,0,0,0.991837817,0.390723989,0,0.045083537,0,0.270501223,0,0.015027846,0,0.976809971,0,0,0.42077968,0,0,0,0,0,0.195361994,0,0,0,0,0.300556914,0.120222766,0,0.300556914,0,0,0,1.89350856,0.090167074,0,1.021893509,0,0,0,0,0,0,0,0.10519492,19.02525267,0,0,0.195361994,0,0.195361994,1.066977046,0.73636444,0,0,0,0,294.8613608,0,0,0.781447977,0,0,2.765123611,0,0,0,0,0,0.240445531,0,0.586085983,0.030055691,0,0,0,0,0,0,0,0,0,0,0,0,0,0,0,0,0,1.638035183,0.21038984,118.4795356,0,0.465863217,0,0,1.427645343,0,21.86551551,0,4.929133394,0,0,0,0.150278457,0.015027846,0,0,0.811503669,0.045083537,0,0,0,0.10519492,0,0,0,4.042490497,0,0.240445531,0.195361994,0.030055691,0,0,0,0,0,0,0,0.5259746,0.390723989,0,0,0,0,0,0,0,0.270501223,0,0,1.202227657,0,0.360668297,0,0,0,0,0,0.270501223,0.961782126,0,0.045083537,0,0,0,0,0,1.217255503,0,0,0.285529069,0,0,0.045083537,0.120222766,0.045083537,0.015027846,8.115036686,0,0,0,0,0,0.345640451,0,0,0,0,0,0.240445531,0,0,0,0,0,0,0.661225211,0,0,0,0,0,0,0,0,0,0,0,0,0,1.983675634
sa.40,0,0.052960601,0,0,0.571974496,0,0.603750857,0.052960601,0,0,2.838688239,0.01059212,0.063552722,0.137697564,0,0.328355729,0,18.7374608,0,0.01059212,0,0,0,0,0,0.01059212,0,0,0.169473925,0,0,0,0,0,0,0,0,0,0,0,0.296579368,0,0,0.063552722,0,0,0,0.116513323,0,0,0,0.021184241,0.985067187,0,0,2.287897983,0,11.16409479,0.084736962,0.074144842,0.36013209,0.031776361,0,0,199.8521257,0,0.805001142,0.042368481,0.084736962,0,16.68258946,0,0,0,0.01059212,0.052960601,0,0,0,0.233026646,0.063552722,0.01059212,0,0,0,0,0.021184241,0,6.418824898,0,0,0,0,0.01059212,0,0,0,0,0.116513323,26.0989844,0,0.116513323,0,0,0.074144842,0,3.643689381,0,211.4928659,0,0,0,0,0.01059212,0,0,1.631186525,0.116513323,0,0,0,0.042368481,0,0,0.095329083,0.233026646,0.01059212,0.01059212,0,0,0,0,0,0,0.01059212,0,0,0,0.031776361,0,0,0.042368481,0,0,0,0,0,0,0,0.021184241,0,0,0.074144842,0,0.031776361,0,0,0,0.222434526,0.074144842,0,0,0,0,0,0.434276932,0.074144842,0,0,0.052960601,0,0.021184241,0,0.042368481,0.021184241,0,1.143948992,0.084736962,0,0,0,0,0.01059212,0,0.031776361,0.01059212,0,0.01059212,0.042368481,0.021184241,0,0,0,0,0,0.137697564,0,0,0,0,0,0.021184241,0,0,0.01059212,0,0,0,0,0.264803007
sa.41,0,0.009675216,0,0,0.80304295,0,0,0.532136895,0,0,0.241880407,0,0.048376081,0,0,0,0,0,0,0.009675216,0,0,0,0,0,0,0,0,0,0,0,0,0,0,0,0,0.009675216,0,0,0,0.57083776,0.212854758,0,0,0,0,0,0.019350433,0.029025649,0,0.009675216,0,8.301335559,0,0,0.009675216,0,3.386325694,4.789232053,0,0.019350433,0.019350433,0,0,332.082448,0,0.919145546,0,0,0,19.27303081,0,0,0,0,0,0,0,0,1.538359387,0,0.15480346,0,0,0,0,0,0,0,0,0,0,0,0,0,0,0,0,0.80304295,8.872173319,0,0.048376081,0,0,11.7747382,0,0.832068599,0,113.4806116,0,0,0,0,0.009675216,0,0,0.222529974,0.009675216,0,0,0,0,0,0,0,0.019350433,0,0.048376081,0,0,0,0,0,0,0,0,0,0,0,0,0,0,0,0,0,0,0,0,0,0.009675216,0,0,0,0,0,0,0.106427379,0,0.377333435,0,0,0,0,0,0,0,0,0,0,0,0,0,0,0,0,0,0.07740173,0,0,0,0,0,0,0,0,0,0,0,0,0,0,0,0,0,0,0.270906056,0,0,0,0,0,0,0,0,0,0,0,0,0,0.048376081
sa.42,0,0,0,0,2.877161056,0,0.061874431,0,0,0,2.598726115,0.061874431,0.030937216,0.030937216,0,0,0,0.123748863,0,0,0,0,0,0,0.030937216,0,0,0,0,0,0,0,0,0,0,0,0,0,0,0,0,0,0,0.185623294,0,0,0,0.49499545,0,0,0,0,2.722474977,0.030937216,0,0,0,22.27479527,14.50955414,0,0,0.092811647,0,0,138.9699727,0,0.464058235,0.154686078,0,0,23.75978162,0,0,0,0.030937216,0,0,0,0,1.268425842,0.061874431,0.092811647,0,0,0,0,0,0,0,0,0,0,0,0.030937216,0.030937216,0,0,0,1.701546861,167.8653321,0,0.402183803,0,0,0.402183803,0,15.59235669,0,105.9909008,0,0,0.030937216,0.030937216,0,0,0,1.237488626,0,0,0,0,0,0,0,0,2.041856233,0,0,0,0,0,0,0,0,0,0,0,0,0,0,0,0.030937216,0,0,0,0,0.030937216,0,0,0.030937216,0,0,0,0,0,0,0,0,0.123748863,0,0,0,0,0,0,0.030937216,0.030937216,0,0,0.030937216,0,0,0,0,0.030937216,0,0.92811647,0.030937216,0,0,0,0,0,0,0,0,0,0,0,0,0,0,0,0,0,0.092811647,0,0,0,0,0,0,0,0,0,0.092811647,0.061874431,0,0,2.165605096
sa.43,0,0,0,0,1.616847826,0,0.153985507,0,0,0,2.54076087,0,0,0.076992754,0,0.153985507,0,0,0,0,0,0,0,0,0.076992754,0,0,0,0,0,0,0,0,0.076992754,0,0,0,0,0,0,0.384963768,0,0.076992754,0,0,0,0,0,0,0,0.076992754,0,8.161231884,0,0,0.076992754,0,4.080615942,0.076992754,0,0.153985507,0,0,0,310.5887681,0,0.076992754,0.076992754,0,0,1.000905797,0,0,0,0,0,0,0,0,1.077898551,0,0.153985507,0,0,0,0,0,0,0,0,0,0,0,0,0,0,0,0.076992754,0,0.153985507,0,0,0,0,0.384963768,0,4.850543478,0,23.79076087,0,0,0.076992754,0,0,0,0,0.538949275,0,0,0,0,0.461956522,0,0,0,142.6675725,0,0,0,0,0,0,0,0,0,0,0,0,0,0,0,0,0,0,0,0,0,0,0,0,0,0,0,0,0,0,0,0,1.077898551,0,0,0,0,0,0,0,0,0,0.538949275,0,0,0,0,0.076992754,0,0,3.079710145,0,0,0,0,0,0,0,0,0,0,0,0,0,0,0,0,0,0,0,0,0,0,0,0,0,0,0,0,0,0,0,0,1.462862319
sa.44,0,0,0,0,6.209825853,0,0,0.577658219,0,0,12.49185898,0,0.288829109,0.794280051,0,0,0,0,0,0,0,0,0,0,0.072207277,0,0,0,0.144414555,0,0,0,0,0,0,0,0,0,0,0,0,0,0,0,0,0,0,0,0,0,0,0,58.56010194,0,0,0,0,34.29845675,0.216621832,0,0,0,0,0,199.3642928,0,0,0,0,0,1.299730992,0,0,0,0,0,0,0,0,35.52598046,0.072207277,3.321534759,0,0,0,0,0,0,0,0,0,0,0,0,0,0,0,0,0,0.433243664,0,0,0,0,0,0,16.53546652,0,46.86252301,0,0,0,0,0.072207277,0,0,65.63641512,7.6539714,0,0.144414555,0,0,4.043607532,0,0,8.159422342,0,0,0,0,0,0,0,0,0,0,0,0,0,0,0,0,0,0,0,0,0,0,0,0,0,0,0,0,0,0,0,0,0,0,0,0,0,0,0,0,0,0,0,0,0,0,0,0,0,0,0,0,0,0,0,0,0,0,0,0,0,0,0,0,0,0,0,0,0,0,0,0,0,0,0,0,0,0,0,2.45504743,4.693473028,0,0,0.072207277
sa.45,0,0,0,0,1.264537458,0,0.010036012,0,0,0,1.665977921,0,0.050180058,0.050180058,0,0,0.005018006,0,0,0,0,0.005018006,0,0,0,0,0,0,0.020072023,0,0,0,0,0,0,0,0,0,0,0,0,0,0,0.005018006,0,0,0,0.010036012,0,0,0,0.025090029,2.122616447,0,0,0.060216069,0.005018006,0.005018006,0,0.010036012,0,0,0,0,383.2251018,0,0.998583151,0.010036012,0,0,28.56248893,0,0.125450145,0,0,0,0,0,0.015054017,0.762736879,0,0.025090029,0.010036012,0,0,0,0,0,0,0,0,0,0,0,0,0,0,0,1.234429423,13.75937186,0,0.040144046,0,0,0,0,0.030108035,0,74.51236791,0,0,0.005018006,0,0,0,0,0.933349076,0.140504162,0,0.005018006,0,0,0,0,0,0.015054017,0,0,0,0,0,0,0,0,0.005018006,0,0,0,0,0,0,0,0,0,0,0,0,0,0,0.010036012,0,0,0,0,0,0,0,0,0,0,0,0,0.005018006,0,0.005018006,0,0,0,0,0.005018006,0,0,0,0.005018006,0,0,0.055198064,0,0,0,0,0,0,0,0,0,0,0,0,0,0,0,0,0,0,0.09534211,0,0,0,0,0,0,0,0,0,0,0.030108035,0,0,0.060216069
sa.46,0,0,0,0,0.896166134,0,0.325878594,0,0,0,1.344249201,0,0,0.040734824,0,0.040734824,0,0,0,0,0,0,0,0,0,0,0,0,0.040734824,0,0,0,0,0,0,0,0,0,0,0,0.57028754,0.040734824,0,0.529552716,0,0,0,0,0.040734824,0,0,0,1.670127796,0.040734824,0,0.040734824,0,1.018370607,0.081469649,0,0,0,0,0,473.827476,0.325878594,0.040734824,0,0,0.773961661,0.936900958,0,0.081469649,0,0,0,0,0,0,0.28514377,0,0,0,0,0,0,0,0,0.203674121,0,0,0,0,0,0,0,0,0,0,0.366613419,0,0.203674121,0,0,0.162939297,0,0.081469649,0,4.154952077,0,0,0.162939297,0,0,0,0,15.84584665,0.692492013,0,0.081469649,0,0,0.366613419,0,0,0.040734824,0,0.407348243,0,0,0,0,0,0,0,0,0,0.040734824,0,0,0,0,0,0,0.040734824,0,0.122204473,0,0.040734824,1.099840256,0,0,0.040734824,0,0.162939297,0,0.081469649,0.162939297,0,0,0,0,0,0,0,0,0,0,0,0.081469649,0,0,0,0.040734824,0,0,1.466453674,0,0,0,0,0,0.040734824,0,0,0,0,0,0,0,0.040734824,0,0,0,0,0.773961661,0,0,0,0,0,0,0,0,0,0,0,0,0,0
sa.47,0,0.066594849,0,0,1.814709627,0,0.083243561,0,0,0,181.2545294,0,2.747037509,8.757222603,0,0,0,0.016648712,0,0,0,0,0,0,0,0,0,0,0,0,0,0,0,0,0,0,0,0,0,0,0.14983841,0.016648712,0,0.066594849,0,0,0,0.016648712,0,0,0,0,0.016648712,0,0,0,0,0.016648712,0.049946137,0.049946137,0,0.049946137,0,0,302.3073156,0.033297424,0,0.033297424,0,0,0.38292038,0.066594849,0,0,0,0,0,0,0,1.14876114,0.016648712,0.049946137,0,0,0,0.116540985,0.033297424,0,0.016648712,0,0,0,0,0,0,0,0,0,0,0.049946137,0,0,0,0,0.033297424,0,0.033297424,0,2.846929782,0,0,0.016648712,0,0,0,0,2.713740084,0.283028107,0.033297424,0.049946137,0,0.049946137,0,0,0.23308197,0.083243561,0,0.033297424,0,0,0,0,0,0,0.016648712,0,0,0,0,0,0,0,0,0,0,0,0.033297424,0.049946137,0,0.23308197,0,0.016648712,0.033297424,0,0,0,0,0,0.23308197,0.033297424,0,0,0.016648712,0,0.016648712,0,0.016648712,0,0,0.066594849,0,0,0.016648712,0.049946137,0.049946137,0,1.781412203,0.049946137,0.016648712,0,0,0.049946137,0,0,0.033297424,0,0,0,0,0,0,0,0,0,0.033297424,0.882381745,0,0,0,0,0,0,0,0,0,0,0.23308197,0,0,0.199784546
sa.48,0,0,0,0,1.434251358,0,0,0,0,0,5.596877424,0,0.041214119,0.263770365,0,0,0,0,0,0,0,0,0,0,0,0,0,0,0,0,0,0,0,0,0,0,0,0,0,0,0.041214119,0,0,0,0,0,0,0,0,0,0,0,0.008242824,0,0.008242824,0,0,0.008242824,2.662432118,0,0.065942591,0,0,0,496.9516098,0,0,0,0,0,0.082428239,0,0.008242824,0,0,0,0,0,0.016485648,0.197827773,0,0.008242824,0,0,0,0,0,0,0,0,0,0,0,0,0,0,0,0,0.065942591,0,0,0,0,0,0.304984484,0.008242824,0.008242824,0,0.074185415,0,0,0,0,0,0,0,1.178723817,0.065942591,0,0,0,0,0.016485648,0.016485648,0.057699767,0,0,0,0,0,0,0,0,0.008242824,0,0,0,0,0,0,0,0,0,0,0,0.008242824,0,0.008242824,0,0.049456943,0,0,0,0,0,0,0,0,0.065942591,0.024728472,0,0,0.016485648,0,0.008242824,0,0.074185415,0,0,0,0,0,0,0,0,0,0.222556245,0,0,0,0,0.008242824,0,0,0,0,0,0,0,0,0,0,0,0,0,0.181342126,0,0,0,0,0,0,0,0,0,0,0.082428239,0,0,0.049456943
