"","OTU.1","OTU.2","OTU.3","OTU.4","OTU.5","OTU.6","OTU.7","OTU.8","OTU.9","OTU.10","OTU.11","OTU.12","OTU.13","OTU.14","OTU.15","OTU.16","OTU.17","OTU.18","OTU.19","OTU.20","OTU.21","OTU.22","OTU.23","OTU.24","OTU.25","OTU.26","OTU.27","OTU.28","OTU.29","OTU.30","OTU.31","OTU.32","OTU.33","OTU.34","OTU.35","OTU.36","OTU.37","OTU.38","OTU.39","OTU.40","OTU.41","OTU.42","OTU.43","OTU.44","OTU.45","OTU.46","OTU.47","OTU.48","OTU.49","OTU.50","OTU.51","OTU.52","OTU.53","OTU.54","OTU.55","OTU.56","OTU.57","OTU.58","OTU.59","OTU.60","OTU.61","OTU.62","OTU.63","OTU.64","OTU.65","OTU.66","OTU.67","OTU.68","OTU.69","OTU.70","OTU.71","OTU.72","OTU.73","OTU.74","OTU.75","OTU.76","OTU.77","OTU.78","OTU.79","OTU.80","OTU.81","OTU.82","OTU.83","OTU.84","OTU.86","OTU.87","OTU.88","OTU.89","OTU.90","OTU.91","OTU.92","OTU.93","OTU.94","OTU.95","OTU.96","OTU.97","OTU.98","OTU.99","OTU.100","OTU.101","OTU.102","OTU.103","OTU.104","OTU.105","OTU.106","OTU.107","OTU.108","OTU.109","OTU.110","OTU.111","OTU.112","OTU.113","OTU.114","OTU.115","OTU.116","OTU.117","OTU.118","OTU.119","OTU.120","OTU.121","OTU.122","OTU.123","OTU.124","OTU.125","OTU.126","OTU.127","OTU.128","OTU.129","OTU.130","OTU.131","OTU.132","OTU.133","OTU.134","OTU.135","OTU.136","OTU.137","OTU.138","OTU.139","OTU.140","OTU.141","OTU.142","OTU.143","OTU.144","OTU.145","OTU.146","OTU.147","OTU.148","OTU.149","OTU.150","OTU.151","OTU.152","OTU.153","OTU.154","OTU.155","OTU.156","OTU.158","OTU.159","OTU.160","OTU.161","OTU.162","OTU.163","OTU.164","OTU.165","OTU.166","OTU.167","OTU.168","OTU.169","OTU.170","OTU.171","OTU.172","OTU.173","OTU.174","OTU.175","OTU.176","OTU.177","OTU.178","OTU.179","OTU.180","OTU.181","OTU.182","OTU.183","OTU.184","OTU.185","OTU.186","OTU.187","OTU.188","OTU.189","OTU.190","OTU.191","OTU.192","OTU.193","OTU.194","OTU.195","OTU.196","OTU.197","OTU.198","OTU.199","OTU.200","OTU.201","OTU.202","OTU.204","OTU.205","OTU.206","OTU.207","OTU.208","OTU.209","OTU.210","OTU.211","OTU.212","OTU.213","OTU.214","OTU.215","OTU.216","OTU.217","OTU.218","OTU.219","OTU.220","OTU.221","OTU.222","OTU.223","OTU.224","OTU.225","OTU.226","OTU.228","OTU.229","OTU.230","OTU.231","OTU.232","OTU.233","OTU.234","OTU.235","OTU.236","OTU.237","OTU.240","OTU.241","OTU.242","OTU.243","OTU.244","OTU.245","OTU.246","OTU.247","OTU.248","OTU.249","OTU.250","OTU.251","OTU.252","OTU.253","OTU.255","OTU.256","OTU.257","OTU.259","OTU.260","OTU.261","OTU.262","OTU.263","OTU.264","OTU.265","OTU.266","OTU.267","OTU.268","OTU.269","OTU.270","OTU.271","OTU.272","OTU.273","OTU.274","OTU.275","OTU.276","OTU.278","OTU.279","OTU.280","OTU.281","OTU.282","OTU.283","OTU.284","OTU.285","OTU.287","OTU.288","OTU.289","OTU.290","OTU.291","OTU.293","OTU.294","OTU.295","OTU.296","OTU.297","OTU.298","OTU.299","OTU.300","OTU.301","OTU.302","OTU.303","OTU.304","OTU.305","OTU.307","OTU.308","OTU.309","OTU.310","OTU.311","OTU.312","OTU.313","OTU.314","OTU.315","OTU.316","OTU.317","OTU.318","OTU.319","OTU.320","OTU.321","OTU.322","OTU.323","OTU.324","OTU.325","OTU.326"
"new1",0,0,0,0,0,0.00745059928733398,0,0.014901198574668,0,0,0,0,0,0,0,0.0223517978620019,0,0,0.014901198574668,0,0,0.0670553935860058,0,0,0,0,0,0,0,0,0,0.00745059928733398,0,0,0,0,0,0,0.014901198574668,0,0,0,0,0,0,0,0,0,0,0,0.00745059928733398,0,0,0.00745059928733398,0,0,0,0,0,0,0,0,0,0.0745059928733398,0,0,0,0,0.0894071914480078,0.0596047942986718,0,0,0,0,0,0.18626498218335,0.014901198574668,0.0298023971493359,0,0,0.0447035957240039,0.223517978620019,0,0,0,315.406219630709,0,0.178814382896016,0,0.014901198574668,0,0,0,0,200.622287010042,0,0,0,0,0,0,0,0,0,0,0,0,0,0,0,0,0.00745059928733398,0.014901198574668,0,0.00745059928733398,0.014901198574668,0,0,0,0,0,0,0,0,0.00745059928733398,0,0,0.014901198574668,0,0,0,0,0,0,0,0,0,0.0223517978620019,0.014901198574668,0,0,0.0223517978620019,0,0,0.014901198574668,0,1.45286686103013,0,0,0,9.63362487852284,0,0,0.00745059928733398,0,0,0,0,0,0,0,0,0,0.216067379332685,0.0223517978620019,0,0,0,0,0.00745059928733398,0,0,0,0.00745059928733398,0.00745059928733398,0.014901198574668,0,0,0,0,0,0,0,0,0,0,0,0,0,0,0,0,0,0,0,0.00745059928733398,0,0,0,0,0,0,0,0.00745059928733398,0,0,0,0,0,0,0.014901198574668,0,0,0,0,0,0,0,0,0,0,0,0,0,0,0,0,0,0,0,0,0,0,0,0,0,0,0,0,0,0,0,0,0,0.00745059928733398,0,0,0,0.00745059928733398,0,0,0,0,0,0,0,0,0,0,0,0.00745059928733398,0,0,0,0,0,0,0,0,0,0,0,0,0,0,0,0,0,0,0,0,0,0,0,0,0,0,0,0,0.00745059928733398,0,0,0,0,0,0,0,0,0,0,0,0,0,0,0,0,0,0,0,0,0,0,0,0.320375769355361
"new2",0.149631218845731,0,0,0,0,0.00564646108851815,0,0,0,0,0.00282323054425908,0.454540117625711,0,0,0,0.0254090748983317,0,0,0,0,0,0.0197626138098135,0,0,0,0,0,0,0,0,0,0,0,0,0,0,0,0,0.392429045652011,0,0,0,0,0,0,0,0.00282323054425908,0,0,0,0,0.00282323054425908,0,0,0,0,0,0,0,0,0,0,0,0.598524875382924,0,0,0,0,0.0225858443540726,0.00564646108851815,0,0,0,0,0,0.0197626138098135,0.415014890006084,0.00282323054425908,0,0,0.073403994150736,0.00846969163277723,0,0,0,387.127018689893,0.00282323054425908,0.12139891340314,0,0.00282323054425908,0,0,0,0,116.715173930214,0,0,0,0,0,0,0,0,0,0,0,0,0,0,0,0,0,0.0338787665311089,0.00282323054425908,0.00282323054425908,0,0,0,0,0,0,0,0,0,0,0,0,0,0,0,0,0,0,0,0,0,0.00282323054425908,0.0169393832655545,0,0,0,0.0169393832655545,0,0,0,0,0.646519794635328,0,0,0,5.74809738811148,0,0,0,0,0,0,0,0,16.0020707248604,0,0,0,0.0875201468720313,0.00282323054425908,0,0,0,0,0.00564646108851815,0,0,0,0.0112929221770363,0,0.00564646108851815,0,0,0,0,0,0,0,0,0,0,0,0,0,0,0.00282323054425908,0,0,0,0,0,0,0,0,0,0,0,0,0,0,0,0,0,0,0,0.00564646108851815,0,0,0,0,0,0,0,0,0,0,0,0,0,0,0.00282323054425908,0,0,0,0,0,0,0,0.00564646108851815,0,0,0,0,0,0,0,0,0,0,0.00282323054425908,0,0,0,0.00282323054425908,0,0,0,0,0,0,0,0,0,0,0,0.00564646108851815,0,0,0,0,0,0,0,0,0,0,0,0,0,0,0,0,0,0,0,0,0,0,0,0,0,0,0,0,0,0,0,0,0,0,0.00564646108851815,0,0,0,0,0,0,0.0282323054425908,0,0,0,0,0,0,0,0,0,0,0.180686754832581
"new3",0.0129844628261457,0,0,0,0,0.0519378513045826,0.0519378513045826,0,0,0,0,0,0,0,0,0.0779067769568739,0,0,0.0129844628261457,0,0,0.168798016739893,0,0,0,0,0,0,0,0,0,0,0,0,0,0,0,0,0,0,0,0,0,0,0,0,0,0,0,0,0,0.0129844628261457,0,0,0,0,0,0,0,0,0,0,0,0.493409587393535,0,0,0,0.259689256522913,2.23332760609705,0.0519378513045826,0,0,0,0.0129844628261457,0,1.5061976878329,0.0649223141307283,0.0908912397830196,0,0,0.428487273262807,0.0129844628261457,0,0,0,41.0438869934464,0.0129844628261457,0.38953388478437,0,0,0,0,0,0,422.774109619302,0,0,0,0,0,0,0,0,0,0,0,0,0,0,0,0,0.0129844628261457,0.38953388478437,0.0649223141307283,0.0129844628261457,0,0,0,0,0,0,0,0,0,0.0129844628261457,0,0,0,0,0,0,0,0,0,0,0,0.0129844628261457,0.142829091087602,0,0,0,0,0,0,0.0779067769568739,0,1.9346849610957,0,0,0,53.8725362656783,0,0,0.0259689256522913,0,0,0,0,0,0.454456198915098,0,0,0,0.220735868044476,0,0,0,0,0,0.0129844628261457,0,0,0,0.29864264500135,0,0.0259689256522913,0.0129844628261457,0,0,0,0,0,0,0,0,0,0,0,0,0,0,0,0,0,0,0,0,0,0,0,0,0,0.0129844628261457,0,0.0129844628261457,0,0,0,0,0,0.038953388478437,0,0,0,0,0,0,0,0,0,0,0,0,0,0,0,0,0,0,0,0,0,0,0,0,0,0,0,0,0,0,0,0,0,0.0129844628261457,0,0,0,0,0,0,0,0,0,0,0,0,0,0,0,0.0649223141307283,0,0,0,0,0,0,0,0,0,0,0,0,0,0,0,0,0,0,0,0,0,0,0,0,0,0,0,0,0,0,0,0,0,0,0,0,0.0129844628261457,0,0,0,0,0.0259689256522913,0,0,0,0,0,0,0,0,0,0,1.46724429935446
"new4",1.87855113636364,4.50852272727273,0,0,0,15.0284090909091,0,0.751420454545455,1.87855113636364,0,0.375710227272727,0.375710227272727,0,10.8955965909091,0,4.88423295454546,1.87855113636364,0,0.375710227272727,0,0,0.375710227272727,0.375710227272727,0.375710227272727,0,0,0,0,0,0,0,0,0,0,0,0,0.375710227272727,0,0,1.12713068181818,0,0,0,41.7038352272727,1.50284090909091,5.25994318181818,16.1555397727273,1.12713068181818,2.62997159090909,0,3.00568181818182,1.50284090909091,0,1.87855113636364,0,0,0,0,0,0.375710227272727,0,0,0,3.38139204545455,0,0,0,0.375710227272727,12.3984375,1.50284090909091,0,0,0,0.375710227272727,0,3.38139204545455,0.751420454545455,0.375710227272727,0,0,0,0,0,0,0,153.665482954545,1.87855113636364,0,0,0,0,0,0,0,48.8423295454545,0,0.375710227272727,0.751420454545455,0,0,0,0,0,0,0,0,0,0,0,0,1.50284090909091,0,0.751420454545455,1.12713068181818,0,0,0,0,0.751420454545455,0,0,0,0.375710227272727,0,0,0,0.751420454545455,0,0,0,0,0,0,0,0,0,13.9012784090909,4.88423295454546,0,0,0,0,1.12713068181818,0.375710227272727,2.62997159090909,0,2.25426136363636,0,7.88991477272727,0,4.88423295454546,0,0,0.375710227272727,0,0,0,0,0,0.375710227272727,0,0,0,4.50852272727273,0,0,0,0,0,1.12713068181818,0,0,0,1.50284090909091,4.1328125,8.265625,0,0,0,0,1.12713068181818,0,0,0,0,0,0,0,0,0,0,0,0,0,0,2.25426136363636,1.50284090909091,0,0,0,0,0,0,0,0,0,0,0,0,0,12.7741477272727,0,0,0,0,2.25426136363636,0,1.50284090909091,0,0,0,1.50284090909091,0,0,0,0,0,0,0,0,0.375710227272727,0,0,0,0,0,0,0,0,0,2.62997159090909,0,0,0,0,0,0,0,0.375710227272727,0,0,0,0,0,0,0,0,1.12713068181818,0,0.375710227272727,20.2883522727273,0,0,0,0,0,0,0,0,0,0,0,0,0,0,0,0,0,0,0,0,4.50852272727273,0,0,0,0,0,0,0,0,0,0,0.375710227272727,0,0,0,0,0.751420454545455,0,0,0,0,0,0,0,0.751420454545455,1.87855113636364,0,0,1.12713068181818,0,0,0,59.3622159090909
"new5",0,1,0,0,0,18,0,3,0,0,1,0,0,0,0,4,0,0,1,0,0,0,0,0,1,0,0,0,0,0,0,0,0,0,0,0,0,0,0,0,0,0,0,9,0,0,0,3,0,0,2,0,0,0,0,0,16,0,0,2,0,0,0,1,0,0,0,0,0,4,0,0,0,0,0,1,6,0,0,0,0,1,0,0,0,217,0,0,0,1,0,0,0,0,118,0,0,0,0,0,0,0,0,0,0,0,0,0,0,0,0,0,0,1,0,0,0,0,0,0,0,0,0,0,0,0,0,4,0,2,0,0,0,0,0,0,0,11,0,0,0,0,0,2,2,0,5,0,0,0,4,0,0,3,0,0,0,0,0,3,0,0,2,7,1,3,0,0,0,0,0,0,0,0,4,1,0,0,0,0,0,0,0,0,0,0,0,0,0,0,0,2,0,0,0,4,0,0,0,0,0,0,0,2,0,0,0,0,0,0,4,0,0,0,0,3,0,0,0,0,0,0,0,0,0,0,0,0,0,0,0,0,0,0,0,0,0,0,0,0,0,0,0,0,1,0,0,0,0,0,0,0,0,0,0,0,0,0,0,0,20,0,0,0,0,0,0,0,0,0,0,0,0,0,0,0,0,0,0,0,0,4,0,0,0,0,0,0,0,1,0,0,1,0,0,0,0,0,0,0,0,0,0,0,0,0,0,0,0,0,0,0,0,22
"new6",12.1388087774295,2.32163009404389,0,0,0,0.928652037617555,0,0,0,0,0.0663322884012539,0,0,3.51561128526646,0,0.198996865203762,0.596990595611285,0,0.0663322884012539,0.397993730407524,0.198996865203762,0.0663322884012539,0,0,0,0,0,0,0,0,0,0,0.0663322884012539,0,0,0,0,0,0,0.795987460815047,0,0,0.132664576802508,2.18896551724138,0,0.464326018808777,1.92363636363636,0.132664576802508,0,0,0,0,0,0,0,0,0,0.132664576802508,0.397993730407524,0.265329153605016,0.132664576802508,0,0,0,0,0,0,0.0663322884012539,0.132664576802508,0,0,0,0,0,0,0,0.132664576802508,0,0,0,0,0,0,0,0,11.9398119122257,0,0,0,0,0,0,0,0,14.6594357366771,0,0,0,0,0,0,0,0,0,0,0,0,0,0,0,0,0,0.132664576802508,0.198996865203762,0,0,0,0,0,0,0,0,0,0,0,0,0.0663322884012539,0.265329153605016,0,0,0,0,0,0,0,0,0.132664576802508,0.198996865203762,0,0,0,363.633605015674,0,0,0,0,0.132664576802508,0,0,0,0.795987460815047,0,0,0.0663322884012539,0,0,0,0.198996865203762,0,0,0,0,0,0.198996865203762,0.0663322884012539,0,0,0,0,0.0663322884012539,0,0,0,0,1.59197492163009,0,0,0,0,0.132664576802508,0,0,0,0,0,0,0.0663322884012539,0,0,0,0,0,0,0,0.0663322884012539,0.33166144200627,0.0663322884012539,0,0,0,0,0,0,0.132664576802508,0,0,0.0663322884012539,0,0,0,0.265329153605016,0,0,0,0,0.0663322884012539,0,0,0,0,0,0,0,0,0,0.132664576802508,0,0,0,0,0,0,0,0,0,0.0663322884012539,0,0,0,0.0663322884012539,0,0,0,0,0,0,0,0,0,0,0,0,0,0,0,0,0,0.0663322884012539,0.132664576802508,0,3.25028213166144,0,0,0.132664576802508,0,0,0,0,0,0,0,0,0,0,0,0,0,0,0,0,0,2.78595611285266,0,0,0,0,0,0,0,0,0,0,0,0,0,0,0,0,0,0,0,0,0,0,0,0,0,0,0,0,0,0,0,99.3657680250784
"new7",0,0,0,0,0,0.704678480603883,0,0.320308400274492,0,0,0,0,0,0,0,5.57336616477617,0,0.320308400274492,0.213538933516328,0,0,0,0,0,0,0.128123360109797,0,0,0,0,0,0,0,0,0,0,0.128123360109797,0,0,0,0.0213538933516328,0,0,0,0,0,0,0,0,0,0.234892826867961,0.0213538933516328,0,0.320308400274492,0,0,0,0,0,0,0,0,0,0,0,0,0,0,0,0.0854155734065313,0,0,0,0,0,0.256246720219594,6.27804464538005,0,0,0,0,0,0,0,0,488.128648124975,0,0.29895450692286,0,0,0,0,0,0,0.341662293626125,0,0,0,0,0,0,0,0,0,0,0,0,0,0,0,0,0,0.234892826867961,0,0,0,0,0,0,0,0,0,0,0,0.0213538933516328,0,0,0,0,0,0,0,0,0,0,0,0.256246720219594,0.128123360109797,0,0,0,0.0213538933516328,0,0,0.14947725346143,0,9.28894360796028,0,0,0,8.90457352763089,0,0,0.0213538933516328,0,0,0,0,0,0,0,0,0,0.811447947362047,0.0640616800548985,0,0,0,0,0.14947725346143,0,0,0.512493440439188,1.66560368142736,0,0,0,0,0,0,0,0,0,0,0,0,0,0,0,0,0,0,0,0,0,0,0,0,0,0,0,0,0,0,0,0,0,0,0,0,0.170831146813063,0,0,0,0,0,0,0,0,0,0,0,0,0,0,0,0,0,0,0,0,0,0,0,0,0,0,0,0,0,0,0,0,0,0.128123360109797,0,0,0,0,0,0.0427077867032657,0,0,0,0,0,0.0213538933516328,0,0.0213538933516328,0,1.40935696120777,0.128123360109797,0,0,0,0,0,0,0,0,0,0.128123360109797,0,0.0640616800548985,0,0,0,0,0,0,0,0,0,0,0,0,0,0,0,0,0,0,0,0,0,0,0,0,0,0,0,0,0,0.170831146813063,0,0,0,0,0,0,0,0,0,1.11040245428491
"new8",0.650467476072315,0.726648351648352,0,0,0,15.5291784828075,0,1.0255117866005,0,0.0117201347040057,0.0410204714640199,0,0.070320808224034,0.0234402694080113,0.0293003367600142,10.0207151719248,0.334023839064162,0.181662087912088,0.539126196384261,0,0,0.146501683800071,0.158221818504077,1.21303394186459,0,0.12306141439206,0.234402694080113,0,0.556706398440269,0,0,16.554690269408,0,0,0,0,7.74114897199575,0,0,0,0.12306141439206,0.035160404112017,0,0,0.0293003367600142,0,0.0644607408720312,0,0,0,3.07653535980149,0.644607408720312,0,1.75216013824885,0.761808755760369,0,0,0,0,0,0,0,0,0.240262761432116,0,0,0,0,0.761808755760369,3.7211427685218,0.00586006735200284,0,0,0.375044310528181,0.0234402694080113,0.0234402694080113,0.0293003367600142,0.90831043956044,0,0.0410204714640199,0,0,0.0117201347040057,0,0,177.378378677774,0,3.74458303792981,0,0.972771180432471,0,0,0.287143300248139,0.0527406061680255,19.3499423963134,0,0,0,0,0.673907745480326,0,0.035160404112017,0.164081885856079,0,0,0,0,0.0234402694080113,0.0410204714640199,0.117201347040057,0,0.0527406061680255,0.187522155264091,0.556706398440269,0.0117201347040057,0,0,0,0.843849698688408,0.0293003367600142,0.251982896136122,0.0234402694080113,0.0996211449840482,0.0293003367600142,0.0761808755760369,0.0586006735200284,0.0234402694080113,0.0996211449840482,0,0.0293003367600142,0.035160404112017,0,0.035160404112017,0.0410204714640199,0.00586006735200284,0.0234402694080113,3.44571960297767,218.18202764977,0,0.0586006735200284,0,0.298863434952145,0.0820409429280397,0,0.480525522864233,0.00586006735200284,0.234402694080113,0.0117201347040057,0,0,4.28370923431407,0,0.375044310528181,0.0879010102800425,0.0996211449840482,0,0,0.0820409429280397,0,0,0,0,0,2.17994505494505,0.146501683800071,0,0,0,0,0.169941953208082,0,0,0.035160404112017,0.644607408720312,0.035160404112017,0.228542626728111,0.111341279688054,0,0,0,0,0.134781549096065,0.0586006735200284,0.0586006735200284,0,0,0.140641616448068,0,0.0586006735200284,0,0,0.328163771712159,0,0.0117201347040057,0.117201347040057,1.16029333569656,0.035160404112017,0.035160404112017,0.0586006735200284,0.0468805388160227,0.158221818504077,0.0293003367600142,0,0,0,0,0.410204714640199,0,0.0996211449840482,0,0.773528890464374,0.0175802020560085,0,0.304723502304147,0,0,0,0,0,0,0,0,0,0,0,0.035160404112017,0,0,0.035160404112017,0.0293003367600142,0.521545994328252,0.0293003367600142,0,0,0.00586006735200284,0.0820409429280397,0,0,0.0293003367600142,0,0,0,0,0.0879010102800425,0.39262451258419,0,0.0879010102800425,0.0175802020560085,0,0,0.187522155264091,0,0,0,0,0.0293003367600142,0.0937610776320454,0.369184243176179,0.128921481744062,0.0468805388160227,13.9586804324708,0.128921481744062,0.134781549096065,0.0117201347040057,0.0644607408720312,0,0.070320808224034,0.070320808224034,0,0,0,0.0527406061680255,0.0996211449840482,0,0,0,0,0,0,0,0,0.0937610776320454,0,0.199242289968096,0.0586006735200284,0,0.0527406061680255,0,0,0.146501683800071,0,0,0.0761808755760369,0,0,0,0,0.0293003367600142,0.0293003367600142,0,0,0,0,0,0.0234402694080113,0.0175802020560085,0,0,0,0,0,0,0,2.26198599787309
"new9",0.0614401858304297,0.0614401858304297,0,0,0,4.23937282229965,0,0.675842044134727,0,0,0.0614401858304297,0,0,0,0,18.3706155632985,0,0.675842044134727,1.22880371660859,0,0,0.552961672473868,0,0,0,0,0,0,0,0,0,0.0614401858304297,0.0614401858304297,0,0,0,0.0614401858304297,0,0,0,0,0,0,0,0,0,0,0,0,0,2.33472706155633,0.0614401858304297,0,2.2732868757259,0,0,0,0,0,0,0,0,0,0,0,0,0,0.0614401858304297,0.430081300813008,0.245760743321719,0.122880371660859,0,0,0.184320557491289,0,0.122880371660859,0.368641114982578,0.307200929152149,0,0,0,0.0614401858304297,0,0,0.0614401858304297,368.82543554007,0,0.0614401858304297,0,0.122880371660859,0,0,0.0614401858304297,0,2.08896631823461,0.0614401858304297,0,0,0,0,0,0,0,0.122880371660859,0,0.245760743321719,0.184320557491289,0,0,0,0,0,0.307200929152149,0,0,0,0,0,0,0,0,0,0,0,0.122880371660859,0.0614401858304297,0,0,0,0,0,0,0,0,0,0,0,0.368641114982578,0,0,0,0.983042973286876,0,0,1.6588850174216,0,0.368641114982578,0,0,0.122880371660859,110.776655052265,0,0.0614401858304297,0.0614401858304297,0,0,0,0,0,0,0,0,0,0.798722415795587,0.0614401858304297,0,0,0,0,0.368641114982578,0,0,0,0.368641114982578,0,0.0614401858304297,0,0,0,0,0,0,0,0,0,0,0,0,0,0,0,0,0,0,0,0.0614401858304297,0,0,0,0,0,0,0,0,0,0,0,0,0,0,0.307200929152149,0,0,0.307200929152149,0,0.184320557491289,0,0,0,0,0,0,0,0,0,0,0,0,0,0,0.491521486643438,0.0614401858304297,0,0,0,0,0,0,0,0,0,0,0,0,0.0614401858304297,0,0,0,0,0,0.122880371660859,0,0,0,0.122880371660859,0,0.0614401858304297,0.122880371660859,0.0614401858304297,0,4.42369337979094,0.184320557491289,0,0,0.122880371660859,0,0,0,0,0,0,0.0614401858304297,0,0,0.122880371660859,0,0,0,0,0,0,0,0,0,0,0,0,0,0,0,0.0614401858304297,0,0,0,0,0,0,0,0,0,0,0,0,0,0,0,0.0614401858304297,0,0,0,0,0,0,0.921602787456446
"new11",0.211642328465693,0,0,0.15873174634927,0,24.8679735947189,0,0.211642328465693,0,0,0,0,0,0,0,8.57151430286057,0.0529105821164233,0.105821164232847,0.31746349269854,0,0,0.687837567513503,0,0,0,0,0,0,0,0.264552910582116,0,0,0.0529105821164233,0,0,0,0.15873174634927,0.105821164232847,0,0,0,0,0,0.0529105821164233,0,0,0,0,0,0.15873174634927,7.56621324264853,0,3.38627725545109,3.65083016603321,0,0,0,0,0,0,0,0,0,0.105821164232847,0,0,0,0.0529105821164233,0,2.53970794158832,0.0529105821164233,0,0,0.105821164232847,0,0.15873174634927,0.0529105821164233,0.15873174634927,0,0,0,0,0,0,0.31746349269854,337.463692738548,0.0529105821164233,0.0529105821164233,0,0,0,0,0.211642328465693,0,16.2964592918584,0,0,0,0,0,0,0,0,0,0,0,0,0,0,0,0,0,2.9629925985197,0.105821164232847,0.15873174634927,0.105821164232847,0,0,0,0,0,0,0,0,0,0,0,0,0,0.0529105821164233,0,0,0,0,0,0,0,0.264552910582116,0,0,0,0,0,0,0.0529105821164233,0,0.264552910582116,0,0,0,94.8686737347469,0,0,0.264552910582116,0,0,0,0,0,0,0,0,0,6.56091218243649,0.899479895979196,0,0,0,0,0,0,0,0.211642328465693,0,0,0.370374074814963,0,0,0,0,0,0,0,0,0,0,0,0,0.105821164232847,0,0,0,0,0,0,0.211642328465693,0.0529105821164233,0,0,0,0.105821164232847,0.0529105821164233,0.0529105821164233,0,0.0529105821164233,0,0.0529105821164233,0,0.15873174634927,0,2.01060212042408,0.0529105821164233,0.105821164232847,0,0,0,0,0,0,0,0,0,0,0,0,0,0,0,0.47619523904781,0,0.264552910582116,0,0,0,0,0,0,0,0,0,0,0.423284656931386,0,0,0,0,0,0,0,0,0,0,0,0,0.105821164232847,0,0,0.15873174634927,0.105821164232847,0,5.92598519703941,0.15873174634927,0,0,0,0,0,0,0,0,0,0,0,0,0,0,0,0,0,0,0.423284656931386,0.15873174634927,0,0,0,0,0,0,0,0,0,0,0.370374074814963,0,0,0.15873174634927,0,0,0,0,0,0,0,0,0,0,0,0.15873174634927,0.105821164232847,0,0.15873174634927,0,0.105821164232847,1.37567513502701
"new12",0.00486723221022027,0.00973446442044053,0,0,0,0.335839022505198,0.0194689288408811,0.0438050898919824,0,0,0,0,0,0,0,5.74333400805992,0.0146016966306608,0.102211876414626,0.233627146090573,0,0,0.0438050898919824,0,0,0,0,0,0,0,0,0,0,0,0,0,0,0,0,0,0,0,0,0,0,0,0,0,0.0146016966306608,0,0.0146016966306608,0.194689288408811,0.0389378576817621,0,0.0924774119941851,0,0,0,0,0,0,0,0,0,0.0292033932613216,0,0,0,0.00973446442044053,0.0389378576817621,0.0146016966306608,0.00486723221022027,0,0,0.00973446442044053,0,0.593802329646873,0,0.0876101797839648,0,0,0,0.00486723221022027,0,0,0,517.576606002613,0,0,0,0,0.00973446442044053,0,0,0,0.18495482398837,0,0,0,0,0,0,0,0,0,0,0,0,0,0,0,0,0,0.131415269675947,0,0.0194689288408811,0,0,0,0,0,0,0,0,0,0.0535395543124229,0,0,0,0,0,0,0,0,0,0,0,0.0681412509430837,0.0486723221022027,0,0,0,0.0486723221022027,0,0,0.36990964797674,0.00486723221022027,0.0632740187328635,0,0,0,0.00973446442044053,0,0,0,0,0,0,0,0,0,0,0,0,0.301768397033657,0.0146016966306608,0,0,0,0.00486723221022027,0.0632740187328635,0,0,0.00486723221022027,0.204423752829251,0,0,0,0,0,0,0,0,0,0,0,0.0340706254715419,0,0,0,0,0,0,0.00973446442044053,0,0,0,0,0,0,0,0,0,0,0,0.00973446442044053,0,0,0,0,0,0.00973446442044053,0,0.00486723221022027,0.102211876414626,0.00973446442044053,0,0,0,0,0,0,0,0,0.0146016966306608,0,0,0,0,0,0,0.160618662937269,0.0389378576817621,0.00486723221022027,0,0,0,0,0,0,0,0,0,0,0,0.0146016966306608,0,0,0,0,0,0.0486723221022027,0.0389378576817621,0,0,0,0,0.00486723221022027,0.0243361610511013,0.0486723221022027,0,1.27521483907771,0.0194689288408811,0.0389378576817621,0,0,0,0,0,0,0,0,0.0146016966306608,0,0,0,0,0,0.0243361610511013,0,0,0,0,0,0,0,0,0,0,0,0,0,0.00973446442044053,0.0292033932613216,0,0,0,0.0438050898919824,0,0,0,0,0,0,0,0,0,0.0438050898919824,0,0,0,0,0,0,0.0389378576817621
"new10",0,0,0,0,0,1.48784759074506,0,0.477234132880492,0,0,0.0280725960517937,0,0,0,0,4.8846317130121,0,0.084217788155381,0.196508172362556,0,0,0,0,0,0,0.140362980258968,0,0,0,0,0,0,0,0,0,0,0.0280725960517937,0,0,0,0,0,0,0,0,0,0,0,0,0,0.252653364466143,0.084217788155381,0,0.393016344725111,0,0,0,0,0,0,0,0,0,0.140362980258968,0,0,0,0,0,0.112290384207175,0,0.112290384207175,0,0.0280725960517937,0,0.084217788155381,0.168435576310762,0.168435576310762,0,0,0.0280725960517937,0,0,0,0,462.860963701974,0,0.112290384207175,0,0.0280725960517937,0,0,0.084217788155381,0,0.982540861812779,0.0280725960517937,0,0,0,0,0,0,0,0,0,0,0,0,0,0,0.0561451921035874,0,0.280725960517937,0,0,0,0,0,0,0,0,0,0,0,0,0,0,0,0,0.0561451921035874,0,0,0,0,0,0,0,0.224580768414349,0,0,0,0,0,0,0,0,20.4649225217576,0,0,0,30.0376777754192,0,0,0,0,0,0,0,0,0,0,0,0,0.757960093398429,0.0561451921035874,0,0,0.0280725960517937,0,0,0.0280725960517937,0,0,0.280725960517937,0,0.0280725960517937,0,0,0,0,0,0,0,0,0,0,0,0,0,0,0,0.0561451921035874,0,0,0,0,0,0,0,0,0.0561451921035874,0.084217788155381,0,0,0,0,0.112290384207175,0,0.0280725960517937,0,0.30879855656973,0,0.0280725960517937,0.0561451921035874,0,0,0,0,0,0,0,0,0,0,0,0,0,0,0,0,0.505306728932286,0,0,0,0.0280725960517937,0,0,0,0,0,0,0.0280725960517937,0,0,0,0,0,0,0,0.0561451921035874,0.196508172362556,0,0,0,0,0,0,0.0561451921035874,0,0,1.3194120144343,0.140362980258968,0.112290384207175,0,0,0,0,0,0,0,0,0,0,0,0,0,0,0,0,0,0,0,0,0,0,0,0.0280725960517937,0,0,0,0,0,0.084217788155381,0,0,0,0,0,0,0,0,0,0,0,0,0,0,0,0.0280725960517937,0.140362980258968,0,0,0,0.252653364466143
"new13",0,0.0901653315152548,0.135247997272882,0,0,5.18450656212715,0,0.721322652122038,0,0,0,0,0,0,0,1.21723197545594,0.0901653315152548,0,0.0901653315152548,0,0,0.0901653315152548,0,0,0,0,0,0,0,0,0,0,0,0,0,0,0.405743991818647,0,0,0,0,0,0,0,0,0,0,0,0,0,0.991818646667803,0.225413328788137,0,1.35247997272882,0.270495994545764,0,0,0,0,0,0,0,0,0,0,0,0,0,0.0450826657576274,2.16396795636612,0,0,0,0.0450826657576274,0,0.18033066303051,5.40991989091529,0.495909323333901,0,0,0,0,0,0,0,424.813959434123,0,0.0450826657576274,0,0.450826657576274,0,0,0.0901653315152548,0,1.12706664394069,0.270495994545764,0,0,0,0,0,0,0,0,0.135247997272882,0,0,0,0,0,0,0.0450826657576274,0.315578660303392,0,0,0,0,0,0,0,0,0,0,0,0.0450826657576274,0,0,0,0,0,0,0,0,0,0,0,0.135247997272882,0.225413328788137,0,0,0,0.495909323333901,0,0,3.33611726606443,0,36.2013806033748,0,0,0,15.5535196863815,0,0,0,0,0,0,0,0,0,0,0,0,0.540991989091529,0.0901653315152548,0,0,0,0,0.540991989091529,0,0,0,9.10669848304074,0,0.135247997272882,0,0,0,0,0,0,0,0,0,0,0,0,0,0,0,0,0,0,0.0450826657576274,0.0901653315152548,0,0,0,0,0,0,0,0,0,0,0,0,0,0,0.450826657576274,0,0.0901653315152548,0.135247997272882,0,0.135247997272882,0,0,0,0,0,0,0,0,0,0,0,0,0.0901653315152548,0,1.39756263848645,0.360661326061019,0,0,0.360661326061019,0.0450826657576274,0,0.18033066303051,0,0,0,0.225413328788137,0,0,1.08198397818306,0,0,0,0,0,0.901653315152548,0,0,0,0,0,0.135247997272882,0.0450826657576274,0,0,6.35665587182546,0.811487983637293,0.450826657576274,0,0,0,0,0,0,0,0,0.586074654849156,0,0.18033066303051,0,0,0,0,0,0,0,0,0,0,0,0,0.18033066303051,0,0,0,0,0.18033066303051,0.0450826657576274,0,0,0,0.135247997272882,0,0,0,0,0.315578660303392,0,0,0,0,0,0,0,0,0,0,0,1.08198397818306
"new14",0,0,0,0,0,4.14768752429071,0,3.42363000388651,0,0,0.00893898173338515,0,0,0,0,0.509521958802954,0.00893898173338515,0,0.0446949086669258,0,0,0,0,0,0,0,0,0,0,0,0,0,0,0,0,0,0,0,0,0,0,0,0,0,0,0,0,0,0,0,0,0.00893898173338515,0,0,0,0,0,0,0,0,0,0,0,0,0,0,0,0,0,0.0446949086669258,0,0,0,0.0178779634667703,0,21.2658375437233,0.0893898173338515,0,0.0536338904003109,0,0.0357559269335406,0.196657598134473,0,0,0,479.889234356782,0,0.00893898173338515,0,0.27710843373494,0,0,0,0,0.125145744267392,0,0,0,0,0,0,0,0.00893898173338515,0,0,0,0,0,0,0,0,0,0.00893898173338515,0.00893898173338515,0,0,0,0,0,0,0,0,0,0,0,0,0,0,0,0,0,0,0,0,0,0,0.00893898173338515,0.0357559269335406,0,0,0,0.00893898173338515,0,0,0.357559269335406,0,2.92304702681695,0,0,0,14.9638554216867,0,0,0.00893898173338515,0,0,0,0,0,0,0,0,0,0.160901671200933,0.0178779634667703,0,0,0,0,0,0,0,0,0.0268169452001555,0,0.0357559269335406,0,0,0,0,0,0,0,0,0,0,0,0,0,0,0,0,0,0,0,0,0,0,0,0,0,0,0,0,0,0,0,0,0,0,0.00893898173338515,0,0,0,0,0,0,0,0,0,0,0,0,0,0,0,0,0,0,0,0.0178779634667703,0,0,0,0,0,0,0,0,0.00893898173338515,0,0,0,0,0,0,0,0,0,0,0.0357559269335406,0,0,0,0,0,0,0.00893898173338515,0,0,0.134084726000777,0,0,0,0,0,0,0,0,0,0,0,0,0,0,0,0,0,0,0,0,0,0,0,0,0,0,0,0,0,0,0,0,0,0,0,0,0,0,0,0,0,0,0,0,0,0,0,0,0,0,0,0,0.0536338904003109
"new15",0,0.0422372150584854,0,0,0,3.54792606491277,0,0.0844744301169707,0,0,0,0,0,0,0,17.3594953890375,0,0.31677911293864,1.39382809693002,0,0,0.781388478581979,0,0,0,0,0,0,0,0,0,0.0211186075292427,0,0,0,0,0,0,0,0,0,0,0,0,0,0,0,0,0,0,0.295660505409398,0.0422372150584854,0,0.844744301169707,0,0.0211186075292427,0,0,0,0,0,0,0,0,0,0,0,0,0.464609365643339,0.253423290350912,0,0,0,0,0,10.4537107269751,3.69575631761747,0.126711645175456,0,0,0,0.0211186075292427,0,0,0,406.490957722863,0,0,0,0.126711645175456,0,0,0,0,0.337897720467883,0,0,0,0.126711645175456,0,0,0,0,0,0,0,0,0,0,0,0,0,4.07589125314384,0,0.401253543055611,0,0,0,0,0,0,0,0,0,0,0,0,0,0,0,0,0,0,0,0,0,0.0633558225877281,0.105593037646213,0,0,0,0.0633558225877281,0,0,0.359016327997126,0,45.7217853008104,0,0,0,2.175216575512,0.0633558225877281,0,0.0211186075292427,0,0,0.105593037646213,0,0,0,0,0,0,22.4913170186435,0.253423290350912,0,0,0,0,0.105593037646213,0,0,0,0,0,0.380134935526368,0.0422372150584854,0,0,0,0,0,0,0,0,0,0,0,0,0,0,0,0,0,0,0,0,0,0,0,0,0.0633558225877281,0,0,0.105593037646213,0,0,0,0,0,0.295660505409398,0,0,0.168948860233941,0,0,0,0,0,0,0,0,0,0,0,0,0,0,0,0,0.570202403289553,0.126711645175456,0,0,0,0,0,0,0,0,0,0.0211186075292427,0,0,0.485727973172582,0,0,0,0,0,0.274541897880155,0,0,0,0,0,0.0422372150584854,0.0211186075292427,0.0633558225877281,0,2.25969100562897,0.0633558225877281,0.0211186075292427,0,0,0.0844744301169707,0,0,0.0633558225877281,0.147830252704699,0,0.105593037646213,0,0.0844744301169707,0,0,0.0422372150584854,0,0,0,0,0,0,0,0,0,0,0,0,0,0,0,0.401253543055611,0,0,0,0,0,0,0,0,0.105593037646213,0,0,0,0,0,0,0,0,0,0,0,0.105593037646213
"new16",0,0.133081761006289,0,0,0,4.12553459119497,0,0.133081761006289,0,0,0.133081761006289,0,0,0,0,65.2100628930818,0,0.798490566037736,3.32704402515723,0,0,0,0,0.133081761006289,0,0,0,0,0,0,0,0,0.266163522012579,0,0,0,0.133081761006289,0,0,0,0,0,0.133081761006289,0,0,0,0,0,0,0,0.266163522012579,0.399245283018868,0,0.399245283018868,0,0,0,0,0,0,0,0,0,1.59698113207547,0,0,0,0,1.1977358490566,2.39547169811321,0,0,0,0,0,2.92779874213836,158.367295597484,0.665408805031447,0,0,0,1.46389937106918,0,0,0,155.439496855346,0,0.266163522012579,0,0.133081761006289,0,0,0,0,2.79471698113208,0,0,0,0,0,0,0,0,0,0,0,0,0,0,0,0,0.133081761006289,0,0,0,0,0,0,0,0,0,0,0,0,0,0,0,0,0,0,0,0,0,0,0,0,0,1.1977358490566,0,0,0,0,0,0,0.798490566037736,0,56.4266666666667,0,0,0,49.6394968553459,0,0,0.133081761006289,0,0.266163522012579,0,0,0,0,0,0,0,8.11798742138365,0.133081761006289,0,0,0,0,0.266163522012579,0,0,0,0.133081761006289,0,0.532327044025157,0,0,0,0,0,0,0,0,0,0,0,0,0,0,0,0,0,0,0,0,0,0,0,0,0.133081761006289,0,0,0,0,0,0,0,0,0,0.665408805031447,0,0,0.266163522012579,0,0,0,0,0,0,0,0,0,0,0,0,0,0,0,0,0.133081761006289,0,0,0,0,0,0,0,0,0,0,0,0,0,0.798490566037736,0,0,0,0,0,0.266163522012579,0,0,0,0,0,0,0.266163522012579,0,0,2.39547169811321,0,0,0,0,0,0,0,0,0,0,0,0,0,0,0,0,0,0,0,0,0,0,0,0,0,0,0,0,0,0,0,0.266163522012579,0,0,0,0,0,0,0,0,0,0,0,0,0,0,0,0,0,0,0,0,3.19396226415094
"new17",0,0,0,0,0,0,0,2.14485809067453,0,0,0,0,0,0,0,7.01953556948028,0,0.19498709915223,0.38997419830446,0,0,0.19498709915223,0,0,0,0,0,0,0,0,0,0,0,0,0,0,0,0,0,0,0,0,0,0,0,0,0,0.19498709915223,0,0,0.38997419830446,0.38997419830446,0,0.19498709915223,0,0,0,0,0,0,0,0,0,0,0,0,0,0,0,0,0,0,0,0,0,1.36490969406561,1.36490969406561,0,0,0,0,0,0,0,0,270.057132325839,0,0.19498709915223,0,0.77994839660892,0,0,0,0,2.92480648728345,0,0.58496129745669,0,0,0,0,0,0,0,0,0,0,0,0,0,0,0,0.19498709915223,0,0.19498709915223,0,0,0,0,0,0,0,0,0,0,0,0,0,0,0,0,0,0,0,0.19498709915223,0,0,0.77994839660892,0,0,0,0.77994839660892,0,0,2.53483228897899,0,188.357537781054,0,0,0,35.6826391448581,0,0,0,0,0,0,0,0,0,0,0,0,7.60449686693697,0,0,0,0,0,0,0,0,0,0.38997419830446,0,0.19498709915223,0,0,0,0,0,0,0,0,0,0,0,0,0,0,0,0,0,0,0,0,0,0,0,0,0,0,0,0,0,0,0,0,0,0,0.97493549576115,0,0,0,0,0,0,0,0,0,0,0,0,0,0,0,0,0,0,0,0.19498709915223,0,0,0,0,0,0,0,0,0,0,0,0,0,0,0,0,0,0,0,0,0,0,0,0,0,0,0,0,0,1.75488389237007,0,0,0,0,0,0,0,0,0,0,0,0,0,0,0,0,0,0,0,0,0,0,0,0,0,0,0,0,0,0,0,0.19498709915223,0,0,0,0,0,0,0,0,0,0,0,0,0,0,0,0,0,0,0,0,0.58496129745669
"new18",0,0,0,0,0,0.170771862995125,0,0,0,0,0,0,0,0,0,0.222003421893663,0,0,0,0,0,0,0,0,0,0,0,0,0,0,0,0,0,0,0,0,0,0,0,0,0,0,0,0,0,0,0,0,0,0,0.0512315588985376,0,0,0,0,0,0,0,0,0,0,0,0,0.0853859314975627,0,0,0,0,0,0,0,0,0,0,0,3.05681634761274,0.239080608193176,0,0,0,0,0,0,0,0,515.167479097395,0,0,0,0,0,0,0.0512315588985376,0,0.187849049294638,0,0,0,0,0,0,0,0,0,0,0,0,0,0,0,0,0,0.102463117797075,0,0.0341543725990251,0,0,0,0,0,0,0,0,0,0,0,0,0,0,0,0,0,0,0,0,0,0,0.0853859314975627,0,0,0,0,0,0,0,0,4.3546825063757,0,0,0,4.01313878038545,0,0,0.0170771862995125,0,0,0,0,0,0,0,0,0,0.341543725990251,0,0,0.0170771862995125,0,0,0,0,0,0,0,0,0,0.0341543725990251,0.0170771862995125,0,0,0,0,0,0,0,0,0,0,0,0,0,0,0,0,0,0,0,0,0,0,0.0170771862995125,0.0170771862995125,0,0,0,0,0,0,0,0,0.102463117797075,0,0,0.0341543725990251,0,0,0,0,0,0,0,0,0,0,0,0,0,0,0,0,0.0341543725990251,0.0341543725990251,0,0,0,0,0,0,0,0,0,0,0,0,0.0512315588985376,0,0,0,0,0,0,0,0,0,0,0,0,0.0170771862995125,0,0,0.375698098589276,0,0,0,0,0,0,0,0,0,0,0,0,0,0,0,0,0,0,0,0,0,0,0,0,0,0,0,0,0,0,0,0,0,0,0,0,0,0,0,0,0.0341543725990251,0,0,0,0,0,0,0,0,0,0,0,0.0341543725990251
"new19",0,0,0.022408607616385,0,0,0.582623798026009,0,0.112043038081925,0,0,0.022408607616385,0,0,0,0,73.9035879188376,0.0672258228491549,1.14283898843563,3.89909772525098,0,0,0,0.022408607616385,0.13445164569831,0,0.022408607616385,0,0,0,0,0,0,0,0,0,0,0.201677468547465,0,0,0,0,0,0,0,0,0,0,0,0,0,0.13445164569831,0,0,0.156860253314695,0,0,0,0,0,0,0,0,0.0672258228491549,0,0,0,0,0.022408607616385,0,3.40610835769052,0,0,0,3.76464607955268,0,0.022408607616385,8.33600203329521,0.13445164569831,0,0,0.0896344304655399,0.022408607616385,0,0,0,59.5172618291185,0,0.918752912271784,0,0.0672258228491549,0,0,0,0,121.521879103656,0,0,0,0,0,0,0,0,0,0,0,0,0,0,0,0,0.022408607616385,0.291311899013005,0,0,0,0,0,0,0,0,0,0,0,0,0,0,0,0.0448172152327699,0,0,0.0672258228491549,0,0,0,0,1.65823696361249,181.308044224171,0,0,0,0.246494683780235,0,0,2.89071038251366,0,14.5655949506502,0,0,0.13445164569831,41.9489134578727,0,0,0,0,0,0,0,0,0.022408607616385,0,0,0,0.35853772186216,0.022408607616385,0,0,0,0.0448172152327699,0,0,0,0,3.40610835769052,0,0.0448172152327699,0,0,0,0,0,0,0,0,0,0,0,0,0,0,0,0,0,0,0,0.0896344304655399,0.0448172152327699,0,0,0,0,0,0,0,0.156860253314695,0,0,0,0.26890329139662,0,0.35853772186216,0,0,0.0448172152327699,0,0.0896344304655399,0,0,0,0,0,0,0,0,0,0,0,0,0.022408607616385,0,0,0,0,0,0,0,0,0,0,0,0,0,0,0,0.17926886093108,0,0,0,0,0,0.022408607616385,0,0,0,0,0,0.022408607616385,0.112043038081925,0,0,1.32210784936671,0.156860253314695,0,0,0,0,0,0,0,0,0,0.0448172152327699,0,0,0,0,0.022408607616385,0,0,0,0,0,0,0,0,0,0,0,0,0,0,0,0.156860253314695,0,0,0,0,0,0,0,0,0,0,0,0,0,0,0,0,0,0,0,0,0.492989367560469
"new20",0.374771617137104,1.45963682463925,0,0,0,23.0977665088184,0,7.94910324769753,0,0,0.0986241097729222,0,0,0,0,70.1611916924568,0.0197248219545844,1.04541556359298,3.17569633468809,0,0.0197248219545844,0.315597151273351,0,0.0394496439091689,0.0788992878183377,0.433946083000858,0,0.0394496439091689,0,0,0.0197248219545844,0,0,0,0,0.0197248219545844,9.11286774301801,0.138073753682091,0.0197248219545844,0,0,0,0,0.0394496439091689,0.0394496439091689,0,0.0591744658637533,0,0,0,0.0986241097729222,0.118348931727507,0,0.118348931727507,0,0,0,0,0,0,0,0,0,0,0,0,0.493120548864611,0.0197248219545844,0.0197248219545844,20.1193183936761,0.0197248219545844,0,0,17.2394943883068,0,0.828442522092546,1.42018718073008,0,0,0,0,0.0197248219545844,0,0,0,176.024311122712,0,0.197248219545844,0.927066631865468,0.473395726910026,0,0,0,0,13.1367314217532,0,0.0394496439091689,0,0,0,0,0.0197248219545844,0,0,0,0,0,0,0,0,0,0.216973041500429,12.8014094485253,0,0.828442522092546,0.0591744658637533,0,0.0197248219545844,0,0,0,0,0,0,0,0,0,0.0394496439091689,0,0.0197248219545844,0,0.315597151273351,0,0,0.0394496439091689,0,0.256422685409598,0.236697863455013,0.512845370819195,0,0,0.236697863455013,0,0,4.67478280323651,0.0394496439091689,2.26835452477721,0,0,0,100.596591968381,0,0,0.0197248219545844,0,0,0,0,0,0,0,0.414221261046273,0.17752339759126,17.2000447443976,3.37294455423394,0,0.138073753682091,0.0197248219545844,0,0,0,0,1.30183824900257,0.335321973227935,0,0.276147507364182,0,0,0,0,0,0,0,0,0,0,0,0,0.0197248219545844,0,0,0,0,0,0,0,0,0,0,0,0,0.0197248219545844,0,0,0,0,0.0394496439091689,0,0.197248219545844,0.0788992878183377,0.650919124501286,0,0,0,0,0.0197248219545844,0.0591744658637533,0,0,0,0,0,0,0,0,0,0,0,0,0,0.0197248219545844,0,0,0,0.0394496439091689,0,0,0,0,14.3399455609829,0,0,0,0,0.0788992878183377,0,0,0,0,0,0,0,0,0,0,0,0,0,0.0197248219545844,0,0.808717700137962,0.0197248219545844,0,0.0197248219545844,0,0,0,0,0,0,0,0.0197248219545844,0,0,0,0,0,0,0,0,0,0,0,0,0,0,0,0,0,0,0,0.0197248219545844,0,0,0.0591744658637533,0,0,0,0,0,0,0,0,0,0,0,0.0197248219545844,0,0.0394496439091689,0,0,0.0591744658637533,0,16.8449979492151
"new21",0.140749719150949,3.66731212676639,0,0.0156388576834388,0,35.0701383551114,0,2.5804115177674,0,0,0.00781942884171939,0,0,0,0,378.569827943002,0,5.91930763318158,17.9925057647963,0,0,0.0390971442085969,0,0,0,0,0,0,0,0,0,0,0,0,0,0,0.0156388576834388,0,0,0,0,0,0,0,0.484804588186602,0,0,0,0,0,0,0,0,0,0,0,0,0,0,0,0,0,0,0,0,0.00781942884171939,0,33.6235440193934,0.375332584402531,0,0,0,0,2.28327322178206,0,0,0.00781942884171939,0,0,0,0,0,0,0,0,1.27456690120026,0,4.48053272630521,0,0,0,0,2.51003665819192,0,0.156388576834388,0,0,0,0,0,0,0,0,0,0,0,0,0,0,0,0,0,11.1817832436587,0,0.821040028380536,1.47005262224324,0.00781942884171939,1.43095547803465,0,0,0,0,0,0,0,0,0,0,0,0,0,0,0,0,1.03216460710696,0,0,0.0390971442085969,0,0,0,0,0,0,1.54824691066044,0,0,0,0,0,0.0234582865251582,0,0,0,0,0,0,0,0,0.00781942884171939,0,1.27456690120026,0,11.9324484124638,0.805401170697097,0,0,0.0312777153668775,0,0,0.0234582865251582,0,0,0.0234582865251582,0,0.703748595754745,1.50133033761012,0.0469165730503163,0,0,0,0,0,0,0,0,0,0,0,0,0,0,0,0,0,0,0,0,0,0,1.21983089930822,0,0,0,0,0,0,0,0,0,0,0,0,0,0,0,0,0,0,0,0,0,0,0,0,0,0,0,0,0,0,0,0,0,0,0,0,0,0,0,0,0,0,0,0,0,0,0,0,0,0,0,0,0,0,0,0,0.0156388576834388,1.40749719150949,0.0156388576834388,1.07908118015728,0,0,0.750665168805061,0,0,0,0,0,0,0,0,0,0,0,0,0,0,0,0,0,0,0,0,0,0,0,0,0,0,0,0,0,0,0,0,0,0,0,0,0,0,0,0,0,0,0,0,0.805401170697097,0,0,0,0,0.578637734287235
"new22",0.054860342920354,2.24927405973451,0,0.0426691556047198,0,10.8074875553097,0,4.34006268436578,0,0,0,0,0,0,0,5.43117394911504,0,0.0853383112094395,0.31697087020649,0,0,0.207250184365782,0,0,0.371831213126844,0,0,0,0,0,0,0,5.0227691740413,0.0487647492625369,0,0,0.560794616519174,0,0,0,0,0,0,0,0,0,0,0,0,0,0.00609559365781711,0,0,0,0,0,0,0,0,0,0,0,0,0,0,0,0.164581028761062,6.36379977876106,0,1.66409706858407,0,0,0,3.66345178834808,0,0.0121911873156342,0.00609559365781711,0.310875276548673,0,0,0,0,0,0,0,378.859432614307,0,7.54634494837758,0,0,0,0,0,0,3.80974603613569,0,0,0,0,0,0,0,0,0,0,0,0,0,0,0,0,0.146294247787611,0.621750553097345,0,0.0487647492625369,0,0,0.0609559365781711,0,0,0,0,0,0,0,0,0,0,0,0,0,0,0,0,0,0,0,0.0243823746312684,0.432787149705015,0,0,0.00609559365781711,0,0,0.560794616519174,0,0.0182867809734513,0,0,0,48.0149912426254,0,0,30.8437039085546,0,0,0,0,0.426691556047198,0,0.164581028761062,0.00609559365781711,0,0.78023598820059,0.0914339048672566,0,0,0,0,0,0,0,0,0.554699022861357,0,0,0,0,0,0,0,0,0,0,0,0,0,0,0,0,0,0,0,0,0,0,0,0,0,0,0,0,0,0,0,0,0,0,0,0,0,0,0,0,0,0,0,0,0,0,0,0,0,0,0,0,0,0,0,0,0,0,0,0,0,0,0,0,0,0,0,0,0,0,0,0,0,0,0,0,0,0,0,0,0,0.00609559365781711,0,0.0182867809734513,0.0182867809734513,0,0.572985803834808,0,0,0,0,0,0,0,0,0,0,0,0,0,0,0,0,0,0,0,0,0,0,0,0,0,0,0,0,0,0,0,0.310875276548673,0,0,0,0,0,0,0,0,0,0,0,0,0,0,0,0,0,0,0,0,13.3249677359882
"new23",0.813611458233202,2.33913294242046,0,0,0,11.5431125636836,0,1.27126790348938,0,0,0.559357877535326,0,0,0,0,268.390079784677,0,5.03422089781794,13.6788426415457,0,0,0,0,0.0508507161395751,0,0,0,0,0,0,0,0,0,0,2.28828222628088,0,0.661059309814477,0,0.355955012977026,0,0,0,0,0,0,0,0,0,0,0,0,0,0,0.355955012977026,0,0,0,0,0,0,0,0,0,0,0,0,0,0,0,9.45823320196097,0,0,0,50.5964625588772,0,0.0508507161395751,0.915312890512352,0,0,0,0,0,0,0,0,4.16975872344516,0,0.0508507161395751,0,0,0,0,0,0,0.661059309814477,0,0,0,0,0,0,0,0,0,0,0,0,0,0,0,0,0.10170143227915,4.42401230414304,0,0.355955012977026,0.305104296837451,0,0,0,0,0,0,0,0,0,0,0,0,0,0,0,0,0,0,0,0,0,0.2034028645583,0,0,0,0.10170143227915,0,0,0,0,0.0508507161395751,0,0,0,114.414111314044,0,0,0,0,0,0,0,0,0,0,0,0,2.13573007786216,0,0,0,0,0,0,0,0,0,0,0,0.10170143227915,0,0,0,0,0,0,0,0,0,0,0,0,0,0,0,0,0,0,0,0,0,0,0,0,0,0,0.152552148418725,0,0,0,0,0,0.0508507161395751,0,0.10170143227915,0,0,0,0.10170143227915,0,0,0,0,0,0,0,0,0,0,0,0,0,0,0,0,0,0,0,0,0,0,0,0,0,0,0,0,0,0,0,0,0,0,0,0,0,0,0,0,0,0,0.0508507161395751,0.0508507161395751,0,0.915312890512352,0,0,0,0,0,0,0,0,0,0,0,0,0,0,0,0,0,0,0,0,0,0,0,0,0,0,0,0,0,0,0,0,0,0,0,0,0,0,0,0,0,0,0,0,0,0,0,0,0,0,0,0,32.1376526002115
"new24",0,0,0,0,0,2.47469592583142,0,0.764906013438802,0,0,0,0,0,0,0,0.809900484817555,0.0449944713787531,0.0449944713787531,0.0449944713787531,0,0,0.224972356893765,0,0.0899889427575062,0,1.16985625584758,0,0,0,0.0449944713787531,0,0.0449944713787531,0,0,0,0,0.764906013438802,0,0,0,0,0,0,0,0,0,0,0,0,0,0.764906013438802,0,0,0.134983414136259,0,0,0,0,0,0,0,0,0,0.0449944713787531,0,0,0,0,0.0899889427575062,27.5816109551756,0,0,0,26.9966828272519,0,0.179977885515012,0.269966828272518,0.0899889427575062,0,0,0.0449944713787531,0,0,0,0,64.7920387854044,0,0.134983414136259,0,0.269966828272518,0,0,0,0.0899889427575062,105.826996682827,0,0,0,0,0,0,0,0,0,0,0,0,0,0,0,0,0,1.16985625584758,0,0.269966828272518,0,0,0,0,0,0,0,0,0,0,0,0,0.0449944713787531,0,0.0449944713787531,0,0,0,0,0,0,0,132.913668452837,0,0,0.0899889427575062,0.494939185166284,0,0,0.314961299651272,0.0449944713787531,0.854894956196309,0,0,0,137.278132176576,0,0,0.0449944713787531,0,0,0,0,0,0,0,0,0,0.224972356893765,0.0449944713787531,0,0,0,0,0.0899889427575062,0,0,0,13.9932805987922,0,0,0,0,0,0,0,0,0,0,0,0,0,0,0.0449944713787531,0,0,0,0,0,0,0.0899889427575062,0,0,0,0,0,0,0,0,0,0,0,0,0.0449944713787531,0,0.0449944713787531,0,0,0.179977885515012,0.134983414136259,0,0,0,0,0,0,0,0,0,0.134983414136259,0,0,0,0.0449944713787531,0,0.404950242408778,0,0,0,0,0,0,0,0,0,0,0.179977885515012,0,0,0.0899889427575062,0,0,0,0,0,0.269966828272518,0,0,0,0,0,0,0,0,0,2.06974568342264,0.134983414136259,0,0,0.134983414136259,0,0,0,0,0,0,0.0449944713787531,0.0449944713787531,0,0,0,0.0449944713787531,0,0,0,0,0,0,0,0,0,0,0.359955771030025,0,0,0,0,0.179977885515012,0,0,0,0,0,0,0,0,0.359955771030025,0,0,0,0,0,0,0,0,0,0,0,2.2047290975589
"new25",0,0,0,0,0,0.825021400344751,0,0.0744380210837369,0,0,0,0,0,0,0,0.341174263300461,0,0.00620316842364474,0.0124063368472895,0,0,0.0372190105418685,0,2.5929244010835,0,0.0620316842364474,0,0,0,0.00620316842364474,0,0,0,0,0,0,0.322564758029527,0,0,0,0,0,0,0,0,0,0,0,0,0,0.0558285158128027,0,0,0.0186095052709342,0,0,0,0,0,0,0,0.0124063368472895,0,0,0,0,0,0.00620316842364474,0.00620316842364474,0.403205947536908,0.00620316842364474,0,0,0.0186095052709342,0.00620316842364474,4.65237631773356,0.0682348526600922,0.0186095052709342,0,0,0.0186095052709342,0,0,0,0,315.840523458296,0,0.148876042167474,0,0,0,0,0,0,8.45491856142778,0,0,0,0,0,0,0,0.167485547438408,0,0,0,0,0,0,0,0,0,0.0310158421182237,0,0,0,0,0,0,0,0,0,0,0,0,0,0,0,0,0,0,0,0,0,0,0,0.024812673694579,13.0328568580776,0,0,0,0.0434221789655132,0,0,0.0186095052709342,0,1.0669449688669,0,0,0,179.891884285698,0,0,0.00620316842364474,0,0,0,0,0,0,0,0,0,0.0744380210837369,0,0,0,0,0,0.0186095052709342,0,0,0,0.0558285158128027,0,0,0,0,0,0,0,0,0,0,0,0,0,0,0.0186095052709342,0.0186095052709342,0,0.0124063368472895,0,0,0,0.0186095052709342,0,0,0,0,0,0,0,0,0,0,0,0,0,0,0.0186095052709342,0,0.00620316842364474,0.0434221789655132,0,0,0,0,0,0,0,0,0,0,0,0,0,0,0,0,0.0186095052709342,0.00620316842364474,0,0,0,0,0,0,0,0,0,0,0,0,0,0,0,0,0,0,0.024812673694579,0,0,0,0,0,0,0.00620316842364474,0.00620316842364474,0,0.223314063251211,0.0186095052709342,0,0,0,0,0,0,0,0,0,0.00620316842364474,0,0,0,0,0.0186095052709342,0,0,0,0,0,0,0,0,0,0,0,0,0,0,0,0.0186095052709342,0,0,0,0,0,0,0,0,0,0,0,0,0,0,0,0,0,0,0,0,0.0682348526600922
"new26",0,0.28014946011945,0.560298920238901,0,0,7.64185471770279,0,2.52134514107505,0,0,0,0,0,0,0,1.02721468710465,0.404660331283651,0,0.0466915766865751,0,0,0.28014946011945,0,0.015563858895525,0,1.01165082820913,0,0,0,0.435788049074701,0,0,0,0,0,0,0.202330165641825,0,0,0,0,0,0.3112771779105,0.1245108711642,0,0.3112771779105,0,0,0,0,1.96104622083615,0.0933831533731501,0,1.0583424048957,0,0,0,0,0,0,0,0,0,0,0,0,0,0,0.108947012268675,19.7038453617347,0,0,0,0.202330165641825,0,0.202330165641825,1.10503398158228,0.762629085880726,0,0,0,0,0,0,0,305.378475389096,0,0,0,0.809320662567301,0,0,0,0,2.8637500367766,0,0,0,0,0,0.264585601223925,0,0,0,0,0.2490217423284,0,0,0,0,0,0.606990496925476,0.03112771779105,0,0,0,0,0,0,0,0,0,0,0,0,0,0,0,0,0,0,0,0,0,0,1.69646061961223,0.21789402453735,122.705463532319,0,0,0,0.482479625761276,0,0,1.47856659507488,0,22.6454146929889,0,0,0,5.10494571773221,0,0,0,0,0,0,0.15563858895525,0,0.015563858895525,0,0,0,0.840448380358351,0.0466915766865751,0,0,0,0,0.108947012268675,0,0,0,4.18667804289623,0,0.2490217423284,0.202330165641825,0.03112771779105,0,0,0,0,0,0,0,0,0,0,0,0,0,0,0,0,0.544735061343376,0.404660331283651,0,0,0,0,0,0,0,0,0,0,0.28014946011945,0,0,0,1.245108711642,0,0.373532613492601,0,0,0,0,0,0.2490217423284,0,0,0,0,0,0,0,0,0,0.28014946011945,0,0.996086969313601,0,0.0466915766865751,0,0,0,0,0,0,0,0,0,0,0,1.26067257053753,0,0,0,0,0,0.295713319014975,0,0,0,0,0,0.0466915766865751,0.1245108711642,0.0466915766865751,0.015563858895525,8.40448380358351,0,0,0,0,0,0.357968754597076,0,0,0,0,0,0,0,0,0,0.2490217423284,0,0.295713319014975,0,0,0,0,0,0,0,0,0,0,0,0,0,0.684809791403101,0,0,0,0,0,0,0,0,0,0,0,0,0,0,0,0,0,0,0,0,2.0544293742093
"new27",0,0.0549290802234544,0,0,0,0.593234066413308,0,0.62619151454738,0,0,0.0549290802234544,0,0,0,0,2.94419869997716,0.0109858160446909,0.0659148962681453,0.142815608580981,0,0,0.340560297385417,0,19.4339085830582,0,0.0109858160446909,0,0,0,0,0,0,0.0109858160446909,0,0,0,0.175773056715054,0,0,0,0,0,0,0,0,0,0,0,0,0,0.307602849251345,0,0,0.0659148962681453,0,0,0,0,0,0,0,0,0,0.1208439764916,0,0,0,0,0.0219716320893818,1.02168089215625,0,0,0,2.37293626565323,0,11.5790501111042,0.0878865283575271,0.0769007123128362,0,0,0.37351774551949,0.0329574481340726,0,0,0,207.280377131228,0,0.834922019396507,0,0.0439432641787635,0,0,0.0878865283575271,0,17.3026602703881,0,0,0,0,0,0,0,0.0109858160446909,0,0.0549290802234544,0,0,0,0,0,0,0,0.241687952983199,0.0659148962681453,0.0109858160446909,0,0,0,0,0,0,0.0219716320893818,0,0,6.65740452308267,0,0,0,0,0.0109858160446909,0,0,0,0,0,0,0.1208439764916,27.0690507341183,0,0,0,0.1208439764916,0,0,0.0769007123128362,0,3.77912071937366,0,0,0,219.353788964343,0,0,0,0,0,0,0,0,0.0109858160446909,0,0,0,1.6918156708824,0.1208439764916,0,0,0,0,0.0439432641787635,0,0,0.0988723444022179,0.241687952983199,0.0109858160446909,0.0109858160446909,0,0,0,0,0,0,0,0,0,0,0,0,0,0,0.0109858160446909,0,0,0,0,0.0329574481340726,0,0,0,0,0.0439432641787635,0,0,0,0,0,0,0,0,0,0.0219716320893818,0,0,0.0769007123128362,0,0.0329574481340726,0,0,0,0,0.0439432641787635,0,0,0,0,0,0,0,0,0,0.230702136938509,0.0769007123128362,0,0,0,0,0,0,0,0,0,0.450418457832326,0,0,0.0769007123128362,0,0,0,0,0,0.0549290802234544,0,0,0,0,0.0219716320893818,0,0.0439432641787635,0.0219716320893818,0,1.18646813282662,0.0878865283575271,0,0,0,0,0.0109858160446909,0,0,0.0329574481340726,0,0.0109858160446909,0,0.0109858160446909,0,0,0.0439432641787635,0.0219716320893818,0,0,0,0,0,0,0,0,0,0,0,0,0,0,0.142815608580981,0,0,0,0,0,0,0,0,0.0219716320893818,0,0,0,0.0109858160446909,0,0,0,0,0,0,0,0.274645401117272
"new28",0,0.0100356655031112,0,0,0,0.832960236758233,0,0,0,0,0.551961602671118,0,0,0,0,0.250891637577781,0,0.0501783275155562,0,0,0,0,0,0,0,0.0100356655031112,0,0,0,0,0,0,0,0,0,0,0,0,0,0,0,0,0,0,0,0.0100356655031112,0,0,0,0,0.592104264683563,0.220784641068447,0,0,0,0,0,0,0,0,0,0,0,0.0200713310062225,0,0.0301069965093337,0,0.0100356655031112,0,8.61060100166945,0,0,0,0.0100356655031112,0,3.51248292608894,4.96765442404007,0,0,0,0.0200713310062225,0.0200713310062225,0,0,0,344.454147063287,0,0.953388222795568,0,0,0,0,0,0,19.9910456821976,0,0,0,0,0,0,0,0,0,0,0,0,0,0,0,0,0,1.59567081499469,0,0.16057064804978,0,0,0,0,0,0,0,0,0,0,0,0,0,0,0,0,0,0,0,0,0,0.832960236758233,9.20270526635301,0,0,0,0.0501783275155562,0,0,12.2134049172864,0,0.863067233267567,0,0,0,117.708320685992,0,0,0,0,0,0,0,0,0.0100356655031112,0,0,0,0.230820306571559,0.0100356655031112,0,0,0,0,0,0,0,0,0.0200713310062225,0,0.0501783275155562,0,0,0,0,0,0,0,0,0,0,0,0,0,0,0,0,0,0,0,0,0,0,0,0,0,0,0,0,0,0,0,0,0,0,0.0100356655031112,0,0,0,0,0,0,0,0,0,0,0,0,0,0,0.110392320534224,0,0,0,0,0.391390954621339,0,0,0,0,0,0,0,0,0,0,0,0,0,0,0,0,0,0,0,0,0,0,0,0,0,0,0,0,0,0.08028532402489,0,0,0,0,0,0,0,0,0,0,0,0,0,0,0,0,0,0,0,0,0,0,0,0,0,0,0,0,0,0,0,0.280998634087115,0,0,0,0,0,0,0,0,0,0,0,0,0,0,0,0,0,0,0,0,0.0501783275155562
"new29",0,0,0,0,0,2.98398738399951,0,0.0641717716989143,0,0,0,0,0,0,0,2.6952144113544,0.0641717716989143,0.0320858858494571,0.0320858858494571,0,0,0,0,0.128343543397829,0,0,0,0,0,0,0,0.0320858858494571,0,0,0,0,0,0,0,0,0,0,0,0,0,0,0,0,0,0,0,0,0,0.192515315096743,0,0,0,0,0,0,0,0,0,0.513374173591314,0,0,0,0,0,2.82355795475223,0.0320858858494571,0,0,0,0,23.1018378116091,15.0482804633954,0,0,0,0,0.0962576575483714,0,0,0,144.129799235761,0,0.481288287741857,0,0.160429429247286,0,0,0,0,24.6419603323831,0,0,0,0,0,0,0,0.0320858858494571,0,0,0,0,0,0,0,0,0,1.31552131982774,0.0641717716989143,0.0962576575483714,0,0,0,0,0,0,0,0,0,0,0,0,0,0,0.0320858858494571,0,0.0320858858494571,0,0,0,0,1.76472372172014,174.098016619154,0,0,0,0.417116516042943,0,0,0.417116516042943,0,16.1712864681264,0,0,0,109.92624492024,0,0,0.0320858858494571,0,0,0,0.0320858858494571,0,0,0,0,0,1.28343543397829,0,0,0,0,0,0,0,0,0,2.11766846606417,0,0,0,0,0,0,0,0,0,0,0,0,0,0,0,0,0,0,0,0,0,0,0,0,0,0,0.0320858858494571,0,0,0,0,0,0.0320858858494571,0,0,0,0.0320858858494571,0,0,0,0,0,0,0,0,0,0,0,0,0,0,0,0,0,0,0,0.128343543397829,0,0,0,0,0,0,0,0,0,0,0.0320858858494571,0,0,0.0320858858494571,0,0,0,0,0,0.0320858858494571,0,0.0641717716989143,0,0,0,0,0,0.0320858858494571,0,0.962576575483714,0.0320858858494571,0,0,0,0,0,0,0,0,0,0,0,0,0,0,0,0,0,0,0,0,0,0,0,0,0,0,0,0,0,0,0.0962576575483714,0,0,0,0,0,0,0,0,0,0,0,0,0,0.0962576575483714,0,0.0641717716989143,0,0,0,0,2.246012009462
"new30",0,0,0,0,0,1.67708333333333,0,0.159722222222222,0,0,0,0,0,0,0,2.63541666666667,0,0,0.0798611111111111,0,0,0.159722222222222,0,0,0,0,0,0,0,0,0,0.0798611111111111,0,0,0,0,0,0,0,0,0,0,0.0798611111111111,0,0,0,0,0,0,0,0.399305555555556,0,0.0798611111111111,0,0,0,0,0,0,0,0,0,0,0,0,0,0,0.0798611111111111,0,8.46527777777778,0,0,0,0.0798611111111111,0,4.23263888888889,0.0798611111111111,0,0,0,0.159722222222222,0,0,0,0,322.159722222222,0,0.0798611111111111,0,0.0798611111111111,0,0,0,0,1.03819444444444,0,0,0,0,0,0,0,0,0,0,0,0,0,0,0,0,0,1.11805555555556,0,0.159722222222222,0,0,0,0,0,0,0,0,0,0,0,0,0,0,0,0,0,0,0,0,0.0798611111111111,0,0.159722222222222,0,0,0,0,0,0,0.399305555555556,0,5.03125,0,0,0,24.6770833333333,0,0,0.0798611111111111,0,0,0,0,0,0,0,0,0,0.559027777777778,0,0,0,0,0,0.479166666666667,0,0,0,147.982638888889,0,0,0,0,0,0,0,0,0,0,0,0,0,0,0,0,0,0,0,0,0,0,0,0,0,0,0,0,0,0,0,0,0,0,0,0,0,0,0,0,0,0,0,0,0,0,0,0,0,0,0,0,0,0,0,0,1.11805555555556,0,0,0,0,0,0,0,0,0,0,0,0,0,0,0,0,0,0.559027777777778,0,0,0,0,0,0,0,0,0.0798611111111111,0,0,3.19444444444444,0,0,0,0,0,0,0,0,0,0,0,0,0,0,0,0,0,0,0,0,0,0,0,0,0,0,0,0,0,0,0,0,0,0,0,0,0,0,0,0,0,0,0,0,0,0,0,0,0,0,0,0,1.51736111111111
"new31",0,0,0,0,0,6.39319842608207,0,0,0,0,0.594716132658797,0,0,0,0,12.8607363687465,0,0.297358066329399,0.817734682405846,0,0,0,0,0,0,0,0,0,0,0,0,0.0743395165823496,0,0,0,0,0.148679033164699,0,0,0,0,0,0,0,0,0,0,0,0,0,0,0,0,0,0,0,0,0,0,0,0,0,0,0,0,0,0,0,0,60.2893479482856,0,0,0,0,0,35.3112703766161,0.223018549747049,0,0,0,0,0,0,0,0,205.251405283867,0,0,0,0,0,0,0,0,1.33811129848229,0,0,0,0,0,0,0,0,0,0,0,0,0,0,0,0,0,36.575042158516,0.0743395165823496,3.41961776278808,0,0,0,0,0,0,0,0,0,0,0,0,0,0,0,0,0,0,0,0,0,0,0.446037099494098,0,0,0,0,0,0,0,0,17.0237492973581,0,0,0,48.2463462619449,0,0,0,0,0,0,0,0,0.0743395165823496,0,0,0,67.5746205733558,7.87998875772906,0,0,0.148679033164699,0,0,4.16301292861158,0,0,8.40036537380551,0,0,0,0,0,0,0,0,0,0,0,0,0,0,0,0,0,0,0,0,0,0,0,0,0,0,0,0,0,0,0,0,0,0,0,0,0,0,0,0,0,0,0,0,0,0,0,0,0,0,0,0,0,0,0,0,0,0,0,0,0,0,0,0,0,0,0,0,0,0,0,0,0,0,0,0,0,0,0,3.93999437886453,0,0,0,0,0,0,0,0,0,0,0,0,0,0,0,0,0,0,0,0,0,0,0,0,0,0,0,0,0,0,0,0,0,0,0,0,0,0,0,0,0,0,0,0,0,0,0,0,0,0,0,0,2.52754356379989,0,4.83206857785273,0,0,0,0,0.0743395165823496
"new32",0,0,0,0,0,1.3116476769585,0,0.0104099021980833,0,0,0,0,0,0,0,1.72804376488183,0,0.0520495109904166,0.0520495109904166,0,0,0,0.00520495109904166,0,0,0,0,0,0.00520495109904166,0,0,0,0,0,0,0,0.0208198043961666,0,0,0,0,0,0,0,0,0,0,0,0,0,0,0,0,0.00520495109904166,0,0,0,0,0,0,0,0,0,0.0104099021980833,0,0,0,0,0.0260247554952083,2.20169431489462,0,0,0,0.0624594131884999,0.00520495109904166,0.00520495109904166,0,0.0104099021980833,0,0,0,0,0,0,0,397.502115433812,0,1.03578526870929,0,0.0104099021980833,0,0,0,0,29.6265816557451,0,0.130123777476041,0,0,0,0,0,0,0,0,0,0,0,0,0,0,0.015614853297125,0.791152567054332,0,0.0260247554952083,0.0104099021980833,0,0,0,0,0,0,0,0,0,0,0,0,0,0,0,0,0,0,0,0,1.28041797036425,14.2719759135722,0,0,0,0.0416396087923333,0,0,0,0,0.03122970659425,0,0,0,77.2883188696696,0,0,0.00520495109904166,0,0,0,0,0,0,0,0,0,0.968120904421749,0.145738630773166,0,0,0.00520495109904166,0,0,0,0,0,0.015614853297125,0,0,0,0,0,0,0,0,0,0,0,0,0,0,0,0,0.00520495109904166,0,0,0,0,0,0,0,0,0,0,0,0,0,0,0,0,0,0,0,0.0104099021980833,0,0,0,0,0,0,0,0,0,0,0,0,0,0,0,0,0,0,0,0,0,0,0,0,0.00520495109904166,0,0,0,0.00520495109904166,0,0,0,0,0,0,0,0,0,0,0.00520495109904166,0,0,0,0,0,0,0.00520495109904166,0,0,0.0572544620894583,0,0,0,0,0,0,0,0,0,0,0,0,0,0,0,0,0,0,0,0,0,0,0,0,0,0,0,0,0,0,0,0.0988940708817915,0,0,0,0,0,0,0,0,0,0,0,0,0,0,0,0.03122970659425,0,0,0,0,0.0624594131884999
"new33",0,0.0689475399152819,0,0,0,1.87882046269143,0,0.0861844248941023,0,0,0,0,0,0,0,187.657966764418,0,2.84408602150538,9.06660149885956,0,0,0,0,0.0172368849788205,0,0,0,0,0,0,0,0,0,0,0,0,0,0,0,0,0,0,0,0,0,0,0,0,0,0,0.155131964809384,0.0172368849788205,0,0.0689475399152819,0,0,0,0,0,0,0,0,0,0.0172368849788205,0,0,0,0,0,0.0172368849788205,0,0,0,0,0,0.0172368849788205,0.0517106549364614,0.0517106549364614,0,0,0,0.0517106549364614,0,0,0,312.987357445422,0.0344737699576409,0,0,0.0344737699576409,0,0,0,0,0.396448354512871,0.0689475399152819,0,0,0,0,0,0,0,0,0,0,0,0,0,0,0,0,1.18934506353861,0.0172368849788205,0.0517106549364614,0,0,0,0.120658194851743,0,0,0.0344737699576409,0,0,0.0172368849788205,0,0,0,0,0,0,0,0,0,0,0,0,0.0517106549364614,0,0,0,0,0,0,0.0344737699576409,0,0.0344737699576409,0,0,0,2.9475073313783,0,0,0.0172368849788205,0,0,0,0,0,0,0,0,0,2.80961225154774,0.293027044639948,0,0.0344737699576409,0.0517106549364614,0,0.0517106549364614,0,0,0.241316389703486,0.0861844248941023,0,0.0344737699576409,0,0,0,0,0,0,0,0,0,0,0,0,0,0,0.0172368849788205,0,0,0,0,0,0,0,0,0,0,0,0,0,0,0,0.0344737699576409,0,0.0517106549364614,0,0.241316389703486,0,0.0172368849788205,0.0344737699576409,0,0,0,0,0,0,0,0,0,0,0,0,0.0689475399152819,0,0,0,0.241316389703486,0.0344737699576409,0,0,0,0.0172368849788205,0,0,0,0.0172368849788205,0,0,0,0,0.0172368849788205,0,0,0,0,0,0.0689475399152819,0,0,0,0,0,0.0172368849788205,0.0517106549364614,0.0517106549364614,0,1.84434669273379,0.0517106549364614,0.0172368849788205,0,0,0.0517106549364614,0,0,0,0.0344737699576409,0,0,0,0,0,0,0,0,0,0.0344737699576409,0,0,0,0,0,0,0,0,0,0,0,0.0344737699576409,0.913554903877485,0,0,0,0,0,0,0.879081133919844,0,0,0,0,0,0,0,0,0.241316389703486,0,0,0,0,0.206842619745846
"new34",0,0,0,0,0,0.928736732902402,0,0.337722448328146,0,0,0,0,0,0,0,1.3931050993536,0,0,0.0422153060410183,0,0,0.0422153060410183,0,0,0,0,0,0,0,0,0,0,0,0,0,0,0.0422153060410183,0,0,0,0,0,0,0,0,0,0,0,0,0,0.591014284574256,0.0422153060410183,0,0.548798978533238,0,0,0,0,0,0,0,0,0,0,0,0.0422153060410183,0,0,0,1.73082754768175,0.0422153060410183,0,0,0.0422153060410183,0,1.05538265102546,0.0844306120820365,0,0,0,0,0,0,0.126645918123055,0,491.048439869125,0.337722448328146,0.0422153060410183,0,0,0,0.0844306120820365,0,0.802090814779347,0.97095203894342,0,0.0844306120820365,0,0,0,0,0,0,0,0,0,0,0,0,0,0,0,0.295507142287128,0,0,0,0,0,0,0,0,0,0,0,0.211076530205091,0,0,0,0,0,0,0,0,0,0,0,0,0.379937754369164,0,0,0,0.211076530205091,0,0,0.168861224164073,0,0.0844306120820365,0,0,0,4.30596121618386,0,0,0.168861224164073,0,0,0,0,0,0,0,0,0,16.4217540499561,0.717660202697311,0,0,0.0844306120820365,0,0,0.379937754369164,0,0,0.0422153060410183,0,0.422153060410183,0,0,0,0,0,0,0,0,0,0,0,0,0,0,0,0,0,0,0.0422153060410183,0,0,0,0,0,0,0,0,0.0422153060410183,0,0,0.126645918123055,0,0,0.0422153060410183,1.13981326310749,0,0,0.0422153060410183,0,0.168861224164073,0,0,0,0,0,0,0.25329183624611,0,0,0.0844306120820365,0,0,0.168861224164073,0,0,0,0,0,0,0,0,0,0,0,0,0,0,0,0,0,0,0,0,0,0.0844306120820365,0,0,0,0,0,0,0.0422153060410183,0,0,1.51975101747666,0,0,0,0,0,0.0422153060410183,0,0,0,0,0,0,0,0,0,0,0,0,0,0,0.0422153060410183,0,0,0,0,0,0,0,0,0,0,0.802090814779347,0,0,0,0,0,0,0,0,0,0,0,0,0,0,0,0,0,0,0,0,0
"new35",0,0,0,0,0,1.48758807938458,0,0,0,0,0,0,0,0,0,5.80501325231107,0,0.0427467838903614,0.273579416898313,0,0,0,0,0,0,0,0,0,0,0,0,0,0,0,0,0,0,0,0,0,0,0,0,0,0,0,0,0,0,0,0.0427467838903614,0,0,0,0,0,0,0,0,0,0,0,0,0,0,0,0,0,0,0.00854935677807227,0,0.00854935677807227,0,0,0,0.00854935677807227,2.76144223931734,0,0,0,0.0683948542245782,0,0,0,0,515.432170793199,0,0,0,0,0,0,0,0,0.0854935677807227,0,0.00854935677807227,0,0,0,0,0,0,0,0,0,0,0,0,0,0,0.0170987135561445,0.205184562673735,0,0.00854935677807227,0,0,0,0,0,0,0,0,0,0,0,0,0,0,0,0,0,0,0,0,0,0.0683948542245782,0,0,0,0,0,0,0,0.316326200788674,0.00854935677807227,0.00854935677807227,0,0,0,0.0769442110026505,0,0,0,0,0,0,0,0,0,0,0,0,1.22255801926434,0.0683948542245782,0,0,0,0,0,0.0170987135561445,0.0170987135561445,0.0598454974465059,0,0,0,0,0,0,0,0,0,0,0,0,0,0,0,0,0.00854935677807227,0,0,0,0,0,0,0,0,0,0,0,0,0,0,0.00854935677807227,0,0,0,0.00854935677807227,0,0.0512961406684336,0,0,0,0,0,0,0,0,0,0,0,0,0,0,0,0,0,0,0,0.0683948542245782,0.0256480703342168,0,0,0,0.0170987135561445,0,0,0,0.00854935677807227,0,0,0,0,0.0769442110026505,0,0,0,0,0,0,0,0,0,0,0,0,0,0,0,0.230832633007951,0,0,0,0,0.00854935677807227,0,0,0,0,0,0,0,0,0,0.0170987135561445,0,0,0,0,0,0,0,0,0,0,0,0,0,0,0,0,0.18808584911759,0,0,0,0,0,0,0,0.0170987135561445,0,0,0,0,0,0,0,0.0854935677807227,0,0,0,0,0.0512961406684336
"new36",0,0,0,0,0,0.804544197621901,0,0.0568869634682152,0,0,0,0,0,0,0,0.893937997357667,0,0.00812670906688789,0.0650136725351031,0,0,0.0568869634682152,0,0.00812670906688789,0,0,0,0,0,0,0.381955326143731,0.00812670906688789,0,0,0,0,0,0,0,0,0,0,0,0,0,0,0.00812670906688789,0,0,0,0,0,0,0,0,0,0,0,0,0,0,0,0,0.00812670906688789,0,0,0,0,0,0.284434817341076,0,0,0,0.00812670906688789,0,0.0243801272006637,21.4870187728516,0.0162534181337758,0,0,0,0.00812670906688789,0,0,0,490.828847512828,0,0.00812670906688789,0,0,0,0,0,0,0.121900636003318,0,0.0406335453344394,0,0,0,0,0,0,0,0,0,0,0,0,0,0,0,0.42258887147817,0,0.0243801272006637,0,0,0,0,0,0,0,0,0,0,0,0,0,0,0,0,0,0,0,0,0,0,0.0243801272006637,0,0,0,0,0,0,0.284434817341076,0,0.95895166989277,0,0,0,7.98855501275079,0,0.00812670906688789,0.00812670906688789,0,0,0,0,0,0,0,0,0,1.73911574031401,0.0487602544013273,0,0,0.00812670906688789,0,0,0,0,0,0.585123052815928,0,0,0,0,0,0,0,0,0,0,0,0,0,0,0,0,0,0,0.0650136725351031,0,0,0,0,0,0,0,0,0,0,0,0,0,0.15440747227087,0,0,0,0.414462162411282,0,0,0,0,0,0,0,0,0,0,0,0,0,0,0,0,0,0,0,0.0568869634682152,0.0893937997357667,0,0,0,0,0,0,0,0,0,0,0,0,0.15440747227087,0,0,0,0,0,0.0650136725351031,0,0,0,0,0,0,0.00812670906688789,0,0,0.495729253080161,0,0,0,0,0,0,0,0,0,0,0,0,0,0,0,0,0,0,0,0,0,0,0,0,0,0,0,0,0,0,0,0,0,0,0,0,0,0,0,0,0,0,0,0.170660890404646,0,0,0,0,0,0,0,0,0.0975205088026546
"new37",0,0,0,0,0,0.353482838423677,0,0.00862153264447994,0,0,0,0.206916783467519,0,0,0,0.284510577267838,0,0.00862153264447994,0.0431076632223997,0,0,0,0,0,0,0,0,0,0,0,0.00862153264447994,0,0.0172430652889599,0,0,0,0.00862153264447994,0,0,0,0,0,0,0.00862153264447994,0,0,0,0,0,0,0,0,0,0,0,0,0,0,0,0,0,0,0,0.0172430652889599,0,0,0,0.00862153264447994,0,0.0603507285113596,0,0,0,0.00862153264447994,0,11.0441833175788,0.267267511978878,0,0,0,0,3.3537761987027,0.948368590892793,0,0,493.712066886144,0,0,0,0,0,0,0,0,0.224159848756478,0,0.275889044623358,0,0,0,0,0,0,0,0,0,0,0,0,0,0,0.0517291958668796,0.448319697512957,0,0.0172430652889599,0,0,0,0,0,0,0,0,0,0,0,0,0,0,0,0,0,0,0,0,0,0.948368590892793,0.0431076632223997,0,0,0,0.112079924378239,0,0,0,0,1.90535871443007,0,0,0,9.33711985397177,0,0,0,0,0,0,0,0,0.00862153264447994,0,0,0,3.37964079663614,0.120701457022719,0,0,0,0,0,0.129322989667199,0,0,0.862153264447994,0,0,0,0,0,0,0,0,0,0,0,0,0,0,0,0,0,0,0,0,0,0,0,0,0,0,0,0,0,0,0,0,0,0,0,0,0,0,0,0,0,0,0,0,0,0,0,0,0,0,0,0,0,0,0,0,0,0,0,0,0,0,0,0,0,0,0,0,0,0,0.0603507285113596,0,0,0,0,0,0,0,0,0,0,0,0,0.00862153264447994,0,0,0.353482838423677,0,0,0,0,0,0,0,0,0,0,0,0,0,0,0,0,0,0,0,0,0,0,0,0,0,0,0,0,0,0,0,0.120701457022719,0.103458391733759,0,0,0,0,0,0,0,0,0,0,0,0,0,0,0,0,0,0,0,0.120701457022719
"new38",0,0.0460600783630823,0,0,0,11.5610796691337,0,0.875141488898563,0,0,0.184240313452329,0.0460600783630823,0,0,0,10.7780583369613,0.368480626904658,0.322420548541576,0.644841097083152,0,0,0,0,0,0,0,0,0,0,0,0,0,0,0,0,0,0.0921201567261646,0,0,0,0,0,0,0,0,0,0,0,0,0,0.230300391815411,0.552720940356987,0,0.276360470178494,0,0,0,0,0,0,0,0,0,0.0921201567261646,0,0,0,0,0,0,0,0,0,0.0460600783630823,0,0.184240313452329,61.3059643012625,0,0,0,0,0,0,0,0,363.966739225076,0,0,0,0,0,0,0,0,1.51998258598172,0,0,0,0,0,0,0,0,0,0,0,0,0,0,0,0.230300391815411,0.0921201567261646,13.4956029603831,0,1.01332172398781,0,0,0,0,0,0,0,0,0,0.0460600783630823,0,0,0,0,0,0,0,0,0,0,0,0,0.184240313452329,0,0,0,0.138180235089247,0,0,7.23143230300392,0,3.03996517196343,0,0,0,21.832477144101,0,0,0.0460600783630823,0,0,0,0,0,0,0,0,0,12.1138006094906,1.42786242925555,0,0,0,0,0,0,0,0.0460600783630823,0.967261645624728,0.138180235089247,0.736961253809317,0,0,0,0,0.460600783630823,0,0,0,0,0,0,0,0,0,0,0,0,0,0,0,0,0,0,0,0,0,0.0921201567261646,0,0,0,0.414540705267741,0,0.184240313452329,0,0.276360470178494,0,0,0,0,0,0,0,0,0,0,0,0,0,0,0,0,0,0.0921201567261646,0,0.0460600783630823,0.276360470178494,0,0,0,0,0,0,0.0460600783630823,0,0,0,0,0,0.0921201567261646,0,0,0,0,0,0,0,0,0,0,0,0,0.184240313452329,0.138180235089247,0,8.10657379190248,0.0460600783630823,0,0,0,0,0,0,0,0,0,0,0,0,0,0,0,0,0,0,0,0,0.322420548541576,0,0,0,0,0,0,0.138180235089247,0.230300391815411,0,0,0,0,0,0,0,0,0,0,0,0,0,0,0,0,0,0,0,0,0,0,1.98058336961254
"new39",0,0,0,0,0,0.833674077860124,0,0.0675951955021722,0,0,0,0,0,0,0,0.202785586506517,0,0,0.0450634636681148,0,0,0,0,0,0,0,0,0,0,0,0,0,0,0,0,0,0,0,0,0,0,0,0,0,0,0,0,0,0,0,0,0.0225317318340574,0,0,0,0,0,0,0,0,0,0,0,0,0,0,0,0,0.112658659170287,0.766078882357952,0,0,0,0,0,0.383039441178976,0.0450634636681148,0,0,0,0.0675951955021722,0,0,0,0,516.5624840276,0,0,0,0,0,0,0,0,0.766078882357952,0,0.135190391004344,0,0,0,0,0,0,0,0,0,0,0,0,0,0,0,0.901269273362297,0,0,0,0,0,0,0,0,0,0,0,0,0,0,0,0,0,0,0,0,0,0,0,0.405571173013033,0.135190391004344,0,0,0,0.0225317318340574,0,0,1.14911832353693,0,1.12658659170287,0,0,0,0.495698100349263,0,0,0,0,0,0,0,0,0,0,0,0,1.89266547406082,0.157722122838402,0,0,0,0,0.0225317318340574,0.135190391004344,0,0.112658659170287,0,0,0,0.0450634636681148,0,0.0675951955021722,0,0,0,0,0,0,0,0,0,0,0,0,0,0,0,0,0.0225317318340574,0,0,0,0,0,0,0,0,0,0,0,0,0.180253854672459,0,0.135190391004344,0,0,0,0,0,0,0,0,0,0,0,0,0,0,0,0,0,0,0,0.112658659170287,0,0,0,0,0,0,0,0,0,0,0,0,0,0.0901269273362297,0.0450634636681148,0,0,0,0,0,0,0,0,0,0,0,0.0450634636681148,0,0,0.878737541528239,0,0,0,0,0,0,0,0,0.0450634636681148,0,0,0,0,0,0,0,0,0,0,0,0,0,0,0,0,0,0,0,0,0,0,0.450634636681148,0,0,0,0,0,0,0,0,0,0,0,0,0,0.157722122838402,0,0.157722122838402,0,0,0,0,0
"new40",0.042834008097166,0.085668016194332,0,0,0,19.5751417004049,0,1.07085020242915,0,0,53.7995141700405,0,0,0,0,142.0804048583,0.042834008097166,2.52720647773279,8.05279352226721,0,0,0,0,0.042834008097166,0,0,0,0,0,0,0,0.042834008097166,1.79902834008097,0,0,0,0,0,0,0,0,0,0,0,0,0,0,0,0,0,0.171336032388664,0,0,0.085668016194332,0,0.042834008097166,0,0,0,0,0,0,0,0,0,0,0,0.042834008097166,0,0.385506072874494,0.042834008097166,0.085668016194332,0,0.171336032388664,0,8.90947368421053,0.042834008097166,0.21417004048583,0,0,0,1.11368421052632,0,0,0,196.608097165992,0,0.085668016194332,0,1.07085020242915,0,0,0,0,0.85668016194332,0.128502024291498,1.79902834008097,0,0,0,0,0,0,0,0,0,0,0,0,0,0,0,14.0923886639676,0,0.385506072874494,0.556842105263158,0.085668016194332,0,0,0,0,0,0,0,0,0,0,0,0,0,0,0,0,0,0,0,0,0.299838056680162,0.042834008097166,0,0,0.042834008097166,0,0,0.342672064777328,0,1.32785425101215,0,0,0,1.45635627530364,0,0,0,0,0,0,0,0,0,0,0,0,60.4387854251012,1.54202429149798,0,0,0,0,0,0.171336032388664,0,0.042834008097166,0.042834008097166,0,0.42834008097166,0,0,0,0,0.085668016194332,0,0,0,0,0,0,0.085668016194332,0,0,0.128502024291498,0,0,0,0,0,0,0,0,0,0,0,0,0,0.042834008097166,0,0,0,0,0.085668016194332,2.18453441295547,0,0,0,0,0,0,0.085668016194332,0,0,0,0,0,0,0,0,0,0,0,0,0.385506072874494,0.21417004048583,0,0,0.042834008097166,0,0,0,0,0,0,0,0,0,0.257004048582996,0,0,0,0,0,0,0,0,0,0.085668016194332,0.128502024291498,0,0.085668016194332,0.257004048582996,0,1.32785425101215,0.042834008097166,0,0,0,0.128502024291498,0,0,0,0,0,0,0,0,0,0,0,0,0,0,0,0,0,0,0,0,0,0,0,0,0.171336032388664,0,0.042834008097166,0,0,0,0,0,0.299838056680162,0,0,0.128502024291498,0,0,0,0,0,0,0.21417004048583,0,0,0,0,0.171336032388664
"new41",0,0,0,0,0,95.5999219359875,0,10.3239656518345,0,0,0.41295862607338,0,0,0,0,67.312256049961,0,0.61943793911007,3.30366900858704,0,0,0,0,0,0,0,0,0,0,0,0,0,6.40085870413739,0,0,0,0,0,0,0,0,0,0,0,0,0,0,0,0,0,0.61943793911007,0,0,2.68423106947697,0,0,0,0,0,0,0,0,0,0.20647931303669,0,0,0,0.20647931303669,0.20647931303669,0,0,0,0,0,0,7.22677595628415,0.20647931303669,0.20647931303669,0,0,0,0,0,0,0,143.090163934426,0,0.20647931303669,0,1.23887587822014,0,0,0,0,1.65183450429352,0,0,0,0,0,0,0,0,0,0,0,0,0,0,0,0,2.27127244340359,101.587822014052,0,5.36846213895394,0,0,0,0,0,0,0,0,0,0,0,0,0,0,0,0,0,0,0,0,0,0,0.20647931303669,0,0,0,0,0,0,5.78142076502732,0,15.8989071038251,0,0,0,5.16198282591725,0,0,0.20647931303669,0,0,0,0,0,0,0,0,0,29.1135831381733,3.09718969555035,0,0,0,0,0,0,0,0.20647931303669,0,0,0.82591725214676,0.20647931303669,0,0,0,0,0,0,0,0,0,0,0,0,0,0,0,0,0,0,0,0,0,0,0,0,0,0,0.20647931303669,1.03239656518345,0,0.41295862607338,0,0,0,3.09718969555035,0,0,0,0,0,0,0,0,0,0,0,0,0,0,0,0,0,0,0,1.85831381733021,0,0,0,0,0,0.41295862607338,0,0,0,0,0,0,0,1.65183450429352,0,0,0,0,0,0,0,0,0,0,0,0,0,0.20647931303669,0,3.09718969555035,0,0,0,0,0,0,0,0,0,0,0.41295862607338,0,0,0,0,0,0,0,0,0,0,0,0,0,0,0,0,0,0,0,0,3.51014832162373,0,0,0,0,0,0,0,0,0,0,0,0,0,0,0,0,0,0,0,0,1.44535519125683
"new42",0,0,0,0,0,8.38763580065665,0,3.37482315885007,0,0,0,0,0,0,0,0.324773776793102,0,0,0.0706029949550223,0,0,0,0,0,0,0,0,0,0,0,0.0282411979820089,0,0,0,0,0,0.0141205989910045,0,0,0,0,0,0,0,0,0.0564823959640178,0,0,0,0,0,0,0,0,0,0,0,0,0,0,0,0,0,0.169447187892053,0,0,0,0,0,0.0141205989910045,0,0.0564823959640178,0.0706029949550223,0.0141205989910045,0,19.4723060085951,0.225929583856071,0.0141205989910045,0,0,0,0.0141205989910045,0,0,0,463.127405706964,0,0,0,0.225929583856071,0,0,0,0,0.282411979820089,0,0.0564823959640178,0,0,0,0,0,0,0,0,0,0,0,0,0,0.197688385874062,0.465979766703147,20.3336625470464,0,1.55326588901049,0.0706029949550223,0.0282411979820089,0,0,0,0,0,0,0,0,0,0,0,0,0,0,0,0,0,0,0,0,0.0847235939460267,0,0,0,0.0282411979820089,0,0,0.0423617969730134,0,0.607185756613192,0,0,0,2.48522542241678,0,0,0,0,0,0,0,0,0,0,0,0,5.77532498732082,0.324773776793102,0,0,0.0423617969730134,0,0.0141205989910045,0,0.0141205989910045,0.169447187892053,0.0141205989910045,0,0.0423617969730134,0,0,0,0,0,0,0,0,0,0,0,0,0,0,0.0141205989910045,0,0,0,0,0,0,0,0,0,0,0,0,0,0,0,0,0,0,0,0,0,0,0,0,0,0,0,0,0,0,0,0,0,0,0,0,0,0,0,0.0423617969730134,0,0,0,0,0,0,0,0,0,0,0,0,0,0.0141205989910045,0,0,0,0,0,0.0282411979820089,0,0,0,0,0,0,0,0,0,0.112964791928036,0.0706029949550223,0,0,0,0,0,0,0,0,0,0,0,0,0,0,0,0,0,0,0,0,0,0,0,0,0,0,0,0,0,0,0.240050182847076,0,0,0,0,0,0,0,0,0,0,0,0,0,0,0,0,0,0,0,0,0.183567786883058
"new43",0,0.074037788663401,0,0.259132260321903,0.074037788663401,97.2116165150455,0,122.12533240028,0,0,96.1380685794262,0,0,0,0,28.9487753673898,0,0.481245626312106,1.25864240727782,0,0,0,0,0,0,0,0,0,0,0,0,0,0,0,0,0,0,0,0,0,0,0,0,0,0,0,0,0,0,0,0,0,0,0,0,0,0,0,0,0,0,0,0,0,0,0,0,0,0,0.0370188943317005,0,0,0,0.0370188943317005,0,0.0370188943317005,0.0370188943317005,0,0,0,0,0,0,0,0,5.29370188943317,0,0.0370188943317005,0,15.4368789363191,0,0,0,0,0.592302309307208,0,0,0,0,0,0,0,0,0,0,0,0,0,0,0,0,0,14.215255423373,0,1.03652904128761,0.666340097970609,0,0,0,0,0,0,0,0,0,0,0,0,0,0,0,0,0,0,0,0,0.0370188943317005,0.259132260321903,0,0,0,0,0,0,0,0,0.074037788663401,0,0,0,0.148075577326802,0,0,0.0370188943317005,0,0,0,0,0,0.0370188943317005,0,0,0,104.689433170049,9.62491252624213,0,0,0.370188943317005,0,0,0,0,0,0,0,0,0,0,0,0,0,0,0,0,0,0,0,0,0,0,0,0,0,0,0,0,0,0,0,0,0,0,0,0,0,0,0,0,3.40573827851644,0,0,0,0,0,0,0,0,0,0,0,0,0,0,0,0,0,0,0,0,0,0,0,0,0,0,0,0,0,0,0,0,0,0,0,0,0,0,0,0,0,0,0,0,0,0,0,0,0,0,0,0,0,0,0,0,0,0,0,0,0,0,0,0,0,0,0,0,0,0,0,0,0,0,0,0,0,0,0,0,0,0,0,0,0,0,0,0,0,0,0,0,0,0,0,0,0,1.48075577326802,0,0,0,0,0,0,24.839678096571
"new44",0,0,0,0,0,18.7829268923427,0,0,0,0,0.027360417905816,0,0,0,0,1.57322402958442,0,0.041040626858724,0.123121880576172,0,0,0,0,0,0,0,0,0,0,0,0,0,0,0,0,0,0,0,0,0,0,0,0,0,0,0,0,0,0,0,0,0,0,0,0,0,0,0,0,0,0,0,0,0,0,0.0684010447645401,0,0,0,0.027360417905816,0,0,0,0,0,8.63221184928496,0.013680208952908,0,0,0,0,0,0,0,0,470.831751532235,0,0,0,0,0,0,0,0,0.191522925340712,0,0,0,0,0,0,0,0,0,0,0,0,0,0,0,0,0,1.13545734309137,0,0.041040626858724,0,0,0,0,0,0,0,0,0,0.013680208952908,0,0,0,0,0,0,0,0,0,0,0,0,0.0684010447645401,0,0,0,0,0,0,1.92890946236003,0,0.013680208952908,0,0,0,0.027360417905816,0,0,0,0,0,0,0,0,0,0,0,0,14.2274173110243,1.65530528330187,0,0,0,0,0,0,0,0,0,0,0,2.76340220848742,0.027360417905816,0,0,0,0,0,0,0,0,0,0,0,0,0,0,0,0,0,0,0,0,0,0,0,0,0,0,0,0,0,0,0,0,0,0,0,0,0,0,0,0,0,0,0,0,0,0,0,0,0,0,0,0,0,0,0,0,0,0,0,0,0,0,0,0,0,0,0,0,0,0,0,0,0,0,0,0,0,0,0,0.041040626858724,0.027360417905816,0,3.18748868602757,0,0,0,0,0,0,0,0,0,0,0,0,0,0,0,0,0,0,0,0,0,0,0,0,0,0,0,0,0,0,0,0,0,0,0,0,0,0,0,0,0,0,0,0,0,0,0,0,0,0,0,0,3.52949390985027
"new45",0,0.0895244542223727,0.0895244542223727,20.5906244711457,0,105.996953799289,0,17.8153663902522,0,0,13.6077170418006,0,0,0,0,4.65527161956338,0,0,0,0,0,0,0,0,0,0,0,0,0,0,0,0.0895244542223727,0,0,0,0,0,0,0,0,0,0,0,0,0,0,0,0,0,0,0,0,0,0,0,0,0,0,0,0,0,0,0,0,0.179048908444745,0,0,0,0,0.358097816889491,0,0,0,0.0895244542223727,0,6.08766288712134,4.29717380267389,0,0,0,0,0,0,0,0,16.4724995769166,0,0,0,0,0,0,0.0895244542223727,0,1.88001353866983,0,0,0,0,0,0,0,0,0,0,0,0,0,0,0,0,0,149.326789642918,0,9.57911660179387,0,0,0,0,0,0,0,0,0,0,0,0,0,0,0,0,0,0.537146725334236,0,0,0,0,0.447622271111863,0,0,0,0.0895244542223727,0,0,0,0,0.358097816889491,0,0,0,1.34286681333559,0,0,0,0,0,0,0,0,0,0,0,0,64.3680825858859,8.77339651379252,0,0,0,0,0,0,0,0,0,0,0,0,0,0,0,0,0,0,0,0,0,0,0,0,0,0,0,0,0,0,0,0,0,0,0,0,0,0,0,0,0,0,0,28.2002030800474,0,0,0,0,0,0,0,0,0,0,0,0,0,0,0,0,0,0,0,0,0,0,0,0,0,0,0,0,0,0,0,0,0,0,0,0,0,0,0,0,0,0,0,0,0,0,0,0,0,0,0,0.179048908444745,0,0,0,0,0,0,0,0,0,0,0,0,0,0,0,0,0,0,0,0,0,0,0,0,0,0,0,0,0,0,0,18.5315620240311,0,0,0,0,0,0,0,0,0,0,0,0,0,0,0,0,0,0,0,0,54.8784904383144
"new46",0.0604088158044993,0.946404780937155,0,0,0,53.4013931711773,0,14.8202961440372,0,0,1.81226447413498,0,0,0,0,100.238361691599,0,1.34913021963382,5.19515815918694,0,0,0,0,0.302044079022496,0.0201362719348331,0,0,1.83240074606981,0,0,0,0,0,0.0201362719348331,0,0.503406798370827,0.84572342126299,0,0.161090175478665,0,0.181226447413498,0,0,0.0805450877393323,0.221498991283164,0,0,0,0,0,0.0402725438696662,0,0,0.221498991283164,0,0,0,0,0,0,0,0,0,0.241635263217997,0,0,0,0,0,2.9197594305508,0.221498991283164,0,0,0.0402725438696662,0,0,0.322180350957329,0.140953903543832,0,0,0,0,0,0,0,8.17532640554223,0,0.0402725438696662,0,0.181226447413498,0,0,0,0,2.51703399185414,0,0,0,0,0,0,0,0,0,0,0,0,0,0,0,0.0402725438696662,1.16790377222032,71.4032202809181,0,5.31597579079594,0.483270526435994,0.0201362719348331,0.0402725438696662,0,0,0,0,0,0,0,0,0,0,0.201362719348331,0,0,0,0,0,0.362452894826996,0,0.0604088158044993,2.4968977199193,0.664496973849492,0,0,0.0201362719348331,0,0,1.04708614061132,0,0.120817631608999,0,0,0,11.7797190818774,0,0,1.16790377222032,0,0,0,0.100681359674165,0,0,0,0,0,40.8766320277112,0.52354307030566,0,0,0,0,0.624224429979826,0,0,0,0.442997982566328,0,0.563815614175326,0.0604088158044993,0,0,0,0,0,0,0,0.765178333523657,0,0,0,0,0,0.503406798370827,0,0,0,0,0,0.0604088158044993,0,0,0,0.966541052871988,0.100681359674165,0,0,0,0.281907807087663,0.624224429979826,0.26177153515283,1.06722241254615,0,1.91294583380914,0,0.140953903543832,0,0,0.0402725438696662,0,0,0,0,0,0,0,0,0,0.0604088158044993,0,0.140953903543832,0,0,0.503406798370827,0,0,0,0,0,0,0,0,0,0,0,0,0,0.84572342126299,0.0805450877393323,0,0,0,0,0,0,0,0,0,0,0.0201362719348331,0.0604088158044993,0,0,3.56412013246546,0.342316622892162,0,0,0,0.0201362719348331,0,0,0,0,0.181226447413498,0,0,0,0,0,0,0,0,0,0,0,0,0,0,0.201362719348331,0,0,0,0,0,0,42.3063073350843,0,0.442997982566328,0,0,0,0,0,0,0.0201362719348331,0,0,0.281907807087663,0,0.140953903543832,0,0,0,0,0.0402725438696662,0,136.382969814624
"new47",0,0.628799456614026,0,0.0299428312673346,0,17.2171279787174,0,1.49714156336673,0,0,0,0,0,0,0,224.211920529801,0,4.01233938982283,12.0370181694685,0,0,0,0,0,0.119771325069338,0,0,0.119771325069338,0,0,0,0,1.79656987604007,0,0,0,0.0299428312673346,0,1.40731306956473,0,0,0,0,0,0,0,0,0,0,0,0.389256806475349,0,0,0.209599818871342,0,0,0,0,0,0,0,0,0,0,0,0,0,0,0,1.04799909435671,0,0,0,0,0,13.8635308767759,0.808456444218034,0,0,0,0,0.988113431822041,0,0,0,219.900152827305,0,0,0,0,0,0,0,0,0.628799456614026,0,0.0299428312673346,0,0,0,0,0,0,0,0,0,0,0,0,0,0,0,1.37737023829739,0,0.0598856625346692,0,0,0,0,0,0,0,0,0,0,0,0,0,0,0,0,0,0,0,0,0,0,0.299428312673346,0,0,0,0.0898284938020037,0,0,0.0299428312673346,0,8.86307805513104,0,0,0,5.38970962812022,0,0,0,0,0,0,0,0,0,0,0,0,3.68296824588215,0.119771325069338,0,0.0598856625346692,0,0,0.119771325069338,0.0299428312673346,0,0.239542650138677,0,0,1.01805626308938,0,0,0,0,0,0,0,0,0,0,0,0,0,0,0,0.0898284938020037,0,0,0,0.419199637742684,0,0,0,0.0898284938020037,0,0,0.0598856625346692,0,0.389256806475349,0,0,0,0.179656987604007,0,0.898284938020037,0,0,0.0898284938020037,0,0,0,0,0,0,0,0,0,0,0,0,0,0,0,0,0.149714156336673,0.0598856625346692,0,0,0,0,0,0,0,0.0299428312673346,0,0,0,0,0.0898284938020037,0,0,0,0,0,0.299428312673346,0,0,0,0,0,0,0.0299428312673346,0,0,0.898284938020037,0.0299428312673346,0,0,0,0,0.179656987604007,0,0,0,0,0,0,0,0,0,0,0,0,0,0,0,0,0,0,0,0,0,0.0598856625346692,0,0,0.149714156336673,0.179656987604007,0,0,0,0,0,0,0,0,0,0,0,0,0,0,0,0,0,0,0,0,2.27565517631743
"new48",0,0,0,0,0,0.657285221834957,0,0.0303362410077673,0,0,0,0,0,0,0,1.17974270585762,0,0.0269655475624598,0.0674138689061494,0,0,0,0,0.00337069344530747,0,0,0,0,0,0,0.00337069344530747,0,0,0,0,0,0.0741552557967644,0,0,0,0,0,0,0,0,0,0,0,0,0,0.0505604016796121,0,0,0.0606724820155345,0,0,0,0,0,0,0,0,0,0,0,0,0,0,0,3.30665026984663,0,0,0,0,0,1.83028654080196,0.0134827737812299,0,0,0,0,0.0337069344530747,0,0,0,486.401176238204,0,0.00337069344530747,0,0,0,0,0,0,0.566276498811655,0,0.00337069344530747,0,0,0,0,0,0,0,0,0,0,0,0,0,0,0,0.242689928062138,0,0.00674138689061494,0,0,0,0,0,0,0,0,0,0,0,0,0,0,0,0,0,0,0,0,0,0,0.101120803359224,0,0,0,0.0505604016796121,0,0,0,0,0.232577847726216,0,0,0,23.2611554660669,0.0707845623514569,0,0,0,0,0,0,0,0.00674138689061494,0,0,0,5.11334195653144,0.384259052765052,0,0,0.0235948541171523,0,0,0,0.138198431257606,0.0606724820155345,0.286508942851135,0,0.0943794164686092,0,0,0,0,0,0,0,0,0,0,0.0674138689061494,0,0,0,0,0,0,0,0,0,0,0,0,0,0.0370776278983822,0.00674138689061494,0,0,0.171905365710681,0,0.434819454444664,0,0.0101120803359224,0,1.07188051560778,0,0,0,0,0,0,0,0,0.0404483213436897,0,0,0,0,0,0,0,0,0,0,0.00337069344530747,0,0,0,0,0.0674138689061494,0,0,0,0.00337069344530747,0,0.0977501099139167,0.185388139491911,0,0,0,0,0,0,0,0,0,0,0,0,0,0,0.00674138689061494,0.0101120803359224,0,0.650543834944342,0.161793285374759,0,0,0,0,0,0,0.101120803359224,0,0,0,0,0,0,0,0,0,0,0,0,0.0741552557967644,0,0,0,0,0,0,0,0,0,0,1.07525120905308,0,0,0,0,0.00337069344530747,0,0,0,0,0,0,0,0,0,0,0,0,0,0,0,0.33369865108544
